Lat,Lng,Alt,Acc,Time,Prv,OrgLat,OrgLng,OrgAlt,OrgAcc,Speed,Bearing,AdvPrv,Dly,Dst,AltOfst,Pressure,PressureRef,RefAge,FromBT,Sats,Secs,AccDst,Quality,PDOP,VDOP,HDOP,DGPSAge,DGPSStat,Category,TimeWithTZ,TimeWithMS,SpeedKPH,SpeedMPH,Battery
-21.99915,-47.90935,838,23.99,2022-10-17T18:44:16.000Z,gps,-21.99914,-47.90937,834,24.00,13.41,296.4,gps [GPS],00:00:00,0.0,0.0,,,,false,4 / 22,21,0.0,-,7.4,6.2,4.0,-,-,Car,15:44:16 BRT,15:44:16.000,48.28,30.00,97
-21.99911,-47.90944,836,14.44,2022-10-17T18:44:17.000Z,gps,-21.99909,-47.90949,832,18.00,13.60,297.6,gps [GPS],00:00:01,10.3,0.0,,,,false,4 / 22,22,10.3,-,4.6,3.6,2.8,-,-,Car,15:44:17 BRT,15:44:17.000,48.96,30.42,97
-21.99907,-47.90953,830,10.52,2022-10-17T18:44:18.000Z,gps,-21.99903,-47.90962,826,15.00,12.88,298.6,gps [GPS],00:00:01,10.0,0.0,,,,false,4 / 22,23,20.4,-,4.6,3.6,2.8,-,-,Car,15:44:18 BRT,15:44:18.000,46.37,28.81,97
-21.99903,-47.90962,833,8.37,2022-10-17T18:44:19.000Z,gps,-21.99898,-47.90974,829,13.00,12.64,297.7,gps [GPS],00:00:01,9.8,0.0,,,,false,4 / 20,24,30.1,-,4.6,3.6,2.8,-,-,Car,15:44:19 BRT,15:44:19.000,45.50,28.27,97
-21.99900,-47.90970,833,7.14,2022-10-17T18:44:20.000Z,gps,-21.99893,-47.90986,829,12.00,13.13,297.4,gps [GPS],00:00:01,9.7,0.0,,,,false,4 / 20,25,39.9,-,4.6,3.6,2.8,-,-,Car,15:44:20 BRT,15:44:20.000,47.27,29.37,97
-21.99895,-47.90979,834,6.33,2022-10-17T18:44:21.000Z,gps,-21.99887,-47.90997,830,11.00,13.73,296.6,gps [GPS],00:00:01,10.4,0.0,,,,false,4 / 20,26,50.2,-,4.6,3.6,2.8,-,-,Car,15:44:21 BRT,15:44:21.000,49.43,30.71,97
-21.99891,-47.90988,837,5.91,2022-10-17T18:44:22.000Z,gps,-21.99881,-47.91009,833,11.00,14.21,297.6,gps [GPS],00:00:01,10.0,0.0,,,,false,4 / 19,27,60.2,-,4.6,3.6,2.8,-,-,Car,15:44:22 BRT,15:44:22.000,51.16,31.79,97
-21.99887,-47.90997,840,5.68,2022-10-17T18:44:23.000Z,gps,-21.99875,-47.91021,836,11.00,14.64,299.2,gps [GPS],00:00:01,10.3,0.0,,,,false,4 / 18,28,70.5,-,4.6,3.6,2.8,-,-,Car,15:44:23 BRT,15:44:23.000,52.70,32.75,97
-21.99882,-47.91008,841,5.40,2022-10-17T18:44:24.000Z,gps,-21.99869,-47.91034,837,10.00,15.05,299.4,gps [GPS],00:00:01,12.6,0.0,,,,false,4 / 18,29,83.2,-,4.6,3.6,2.8,-,-,Car,15:44:24 BRT,15:44:24.000,54.18,33.67,97
-21.99877,-47.91019,840,5.26,2022-10-17T18:44:25.000Z,gps,-21.99864,-47.91048,836,10.00,15.40,298.1,gps [GPS],00:00:01,12.8,0.0,,,,false,4 / 19,30,96.0,-,4.6,3.6,2.8,-,-,Car,15:44:25 BRT,15:44:25.000,55.44,34.45,97
-21.99871,-47.91030,838,5.18,2022-10-17T18:44:26.000Z,gps,-21.99857,-47.91060,834,10.00,15.45,298.3,gps [GPS],00:00:01,12.8,0.0,,,,false,4 / 19,31,108.8,-,4.6,3.6,2.8,-,-,Car,15:44:26 BRT,15:44:26.000,55.62,34.56,97
-21.99866,-47.91041,841,5.14,2022-10-17T18:44:27.000Z,gps,-21.99851,-47.91073,837,10.00,15.15,298.0,gps [GPS],00:00:01,13.2,0.0,,,,false,4 / 19,32,121.9,-,4.6,3.6,2.8,-,-,Car,15:44:27 BRT,15:44:27.000,54.54,33.89,97
-21.99859,-47.91054,843,4.96,2022-10-17T18:44:28.000Z,gps,-21.99845,-47.91085,839,9.00,14.83,298.1,gps [GPS],00:00:01,15.6,0.0,,,,false,4 / 19,33,137.6,-,4.6,3.6,2.8,-,-,Car,15:44:28 BRT,15:44:28.000,53.39,33.17,97
-21.99853,-47.91067,845,4.87,2022-10-17T18:44:29.000Z,gps,-21.99839,-47.91098,841,9.00,14.54,297.7,gps [GPS],00:00:01,14.8,0.0,,,,false,4 / 19,34,152.3,-,4.6,3.6,2.8,-,-,Car,15:44:29 BRT,15:44:29.000,52.34,32.53,97
-21.99847,-47.91082,849,4.65,2022-10-17T18:44:30.000Z,gps,-21.99835,-47.91111,845,8.00,14.21,298.2,gps [GPS],00:00:01,16.9,0.0,,,,false,6 / 19,35,169.2,-,4.6,3.6,2.8,-,-,Car,15:44:30 BRT,15:44:30.000,51.16,31.79,97
-21.99841,-47.91098,850,4.34,2022-10-17T18:44:31.000Z,gps,-21.99831,-47.91124,846,7.00,14.42,298.3,gps [GPS],00:00:01,18.0,0.0,,,,false,6 / 20,36,187.2,-,3.4,3.0,1.6,-,-,Car,15:44:31 BRT,15:44:31.000,51.91,32.26,97
-21.99834,-47.91115,848,3.96,2022-10-17T18:44:32.000Z,gps,-21.99825,-47.91138,844,6.00,14.67,298.0,gps [GPS],00:00:01,19.4,0.0,,,,false,7 / 20,37,206.6,-,3.4,3.0,1.6,-,-,Car,15:44:32 BRT,15:44:32.000,52.81,32.82,97
-21.99828,-47.91130,850,3.83,2022-10-17T18:44:33.000Z,gps,-21.99820,-47.91151,846,6.00,14.69,297.2,gps [GPS],00:00:01,16.2,0.0,,,,false,7 / 19,38,222.8,-,3.4,3.0,1.4,-,-,Car,15:44:33 BRT,15:44:33.000,52.88,32.86,97
-21.99822,-47.91147,848,3.49,2022-10-17T18:44:34.000Z,gps,-21.99815,-47.91165,844,5.00,14.33,297.6,gps [GPS],00:00:01,18.9,0.0,,,,false,7 / 20,39,241.7,-,3.4,3.0,1.4,-,-,Car,15:44:34 BRT,15:44:34.000,51.59,32.06,97
-21.99816,-47.91161,849,3.39,2022-10-17T18:44:35.000Z,gps,-21.99809,-47.91177,845,5.00,13.16,297.5,gps [GPS],00:00:01,15.5,0.0,,,,false,7 / 19,40,257.2,-,3.4,3.0,1.4,-,-,Car,15:44:35 BRT,15:44:35.000,47.38,29.44,97
-21.99811,-47.91173,847,3.35,2022-10-17T18:44:36.000Z,gps,-21.99804,-47.91188,843,5.00,11.85,297.4,gps [GPS],00:00:01,14.0,0.0,,,,false,7 / 20,41,271.2,-,3.4,3.0,1.4,-,-,Car,15:44:36 BRT,15:44:36.000,42.66,26.51,97
-21.99806,-47.91184,849,3.34,2022-10-17T18:44:37.000Z,gps,-21.99800,-47.91197,845,5.00,9.97,297.7,gps [GPS],00:00:01,12.3,0.0,,,,false,7 / 20,42,283.6,-,3.4,3.0,1.4,-,-,Car,15:44:37 BRT,15:44:37.000,35.89,22.30,97
-21.99802,-47.91193,851,3.34,2022-10-17T18:44:38.000Z,gps,-21.99796,-47.91204,847,5.00,7.44,298.1,gps [GPS],00:00:01,10.5,0.0,,,,false,7 / 21,43,294.1,-,3.4,3.0,1.4,-,-,Car,15:44:38 BRT,15:44:38.000,26.78,16.64,97
-21.99798,-47.91200,850,3.34,2022-10-17T18:44:39.000Z,gps,-21.99794,-47.91210,846,5.00,5.29,297.8,gps [GPS],00:00:01,8.7,0.0,,,,false,7 / 21,44,302.7,-,3.4,3.0,1.4,-,-,Car,15:44:39 BRT,15:44:39.000,19.04,11.83,97
-21.99795,-47.91206,851,3.34,2022-10-17T18:44:40.000Z,gps,-21.99792,-47.91214,847,5.00,5.05,296.5,gps [GPS],00:00:01,6.9,0.0,,,,false,7 / 21,45,309.7,-,3.4,3.0,1.4,-,-,Car,15:44:40 BRT,15:44:40.000,18.18,11.30,97
-21.99793,-47.91212,852,3.34,2022-10-17T18:44:41.000Z,gps,-21.99790,-47.91219,848,5.00,5.83,296.4,gps [GPS],00:00:01,6.4,0.0,,,,false,7 / 21,46,316.1,-,3.4,3.0,1.4,-,-,Car,15:44:41 BRT,15:44:41.000,20.99,13.04,97
-21.99790,-47.91218,853,3.34,2022-10-17T18:44:42.000Z,gps,-21.99787,-47.91226,849,5.00,7.89,295.3,gps [GPS],00:00:01,6.9,0.0,,,,false,7 / 21,47,323.0,-,3.4,3.0,1.4,-,-,Car,15:44:42 BRT,15:44:42.000,28.40,17.65,97
-21.99787,-47.91227,853,2.99,2022-10-17T18:44:43.000Z,gps,-21.99784,-47.91234,849,4.00,9.43,294.2,gps [GPS],00:00:01,9.7,0.0,,,,false,7 / 21,48,332.7,-,3.4,3.0,1.4,-,-,Car,15:44:43 BRT,15:44:43.000,33.95,21.09,97
-21.99784,-47.91233,854,3.23,2022-10-17T18:44:44.000Z,gps,-21.99780,-47.91243,850,5.00,10.22,292.8,gps [GPS],00:00:01,7.5,0.0,,,,false,7 / 21,49,340.3,-,3.4,3.0,1.4,-,-,Car,15:44:44 BRT,15:44:44.000,36.79,22.86,97
-21.99781,-47.91242,855,3.31,2022-10-17T18:44:45.000Z,gps,-21.99777,-47.91252,851,5.00,10.62,291.2,gps [GPS],00:00:01,9.1,0.0,,,,false,7 / 21,50,349.4,-,3.4,3.0,1.4,-,-,Car,15:44:45 BRT,15:44:45.000,38.23,23.76,97
-21.99777,-47.91253,853,2.98,2022-10-17T18:44:46.000Z,gps,-21.99773,-47.91263,849,4.00,12.28,290.2,gps [GPS],00:00:01,13.1,0.0,,,,false,7 / 21,51,362.5,-,3.4,3.0,1.4,-,-,Car,15:44:46 BRT,15:44:46.000,44.21,27.47,97
-21.99774,-47.91263,852,3.23,2022-10-17T18:44:47.000Z,gps,-21.99769,-47.91276,848,5.00,13.60,289.8,gps [GPS],00:00:01,10.1,0.0,,,,false,7 / 22,52,372.6,-,3.4,3.0,1.4,-,-,Car,15:44:47 BRT,15:44:47.000,48.96,30.42,97
-21.99770,-47.91274,850,3.31,2022-10-17T18:44:48.000Z,gps,-21.99766,-47.91288,846,5.00,14.71,288.4,gps [GPS],00:00:01,12.2,0.0,,,,false,8 / 21,53,384.8,-,3.4,3.0,1.4,-,-,Car,15:44:48 BRT,15:44:48.000,52.96,32.91,97
-21.99765,-47.91289,850,2.98,2022-10-17T18:44:49.000Z,gps,-21.99761,-47.91302,846,4.00,14.78,289.1,gps [GPS],00:00:01,17.0,0.0,,,,false,8 / 22,54,401.8,-,3.2,3.0,1.4,-,-,Car,15:44:49 BRT,15:44:49.000,53.21,33.06,97
-21.99761,-47.91303,850,2.91,2022-10-17T18:44:50.000Z,gps,-21.99757,-47.91316,846,4.00,15.01,289.4,gps [GPS],00:00:01,15.3,0.0,,,,false,8 / 22,55,417.1,-,3.2,3.0,1.4,-,-,Car,15:44:50 BRT,15:44:50.000,54.04,33.58,97
-21.99756,-47.91318,847,2.89,2022-10-17T18:44:51.000Z,gps,-21.99752,-47.91331,843,4.00,15.61,289.2,gps [GPS],00:00:01,15.5,0.0,,,,false,8 / 22,56,432.6,-,3.2,3.0,1.4,-,-,Car,15:44:51 BRT,15:44:51.000,56.20,34.92,97
-21.99752,-47.91332,847,2.88,2022-10-17T18:44:52.000Z,gps,-21.99747,-47.91345,843,4.00,15.84,289.5,gps [GPS],00:00:01,15.3,0.0,,,,false,8 / 21,57,447.9,-,3.2,3.0,1.4,-,-,Car,15:44:52 BRT,15:44:52.000,57.02,35.43,97
-21.99747,-47.91346,847,2.88,2022-10-17T18:44:53.000Z,gps,-21.99742,-47.91359,843,4.00,15.92,289.3,gps [GPS],00:00:01,15.6,0.0,,,,false,8 / 22,58,463.5,-,3.2,3.0,1.4,-,-,Car,15:44:53 BRT,15:44:53.000,57.31,35.61,97
-21.99742,-47.91360,849,2.88,2022-10-17T18:44:54.000Z,gps,-21.99737,-47.91372,845,4.00,15.57,289.0,gps [GPS],00:00:01,15.1,0.0,,,,false,9 / 22,59,478.6,-,3.2,3.0,1.4,-,-,Car,15:44:54 BRT,15:44:54.000,56.05,34.83,97
-21.99736,-47.91376,850,2.43,2022-10-17T18:44:55.000Z,gps,-21.99733,-47.91385,846,3.00,13.93,289.9,gps [GPS],00:00:01,18.4,0.0,,,,false,9 / 21,60,496.9,-,1.8,1.6,0.8,-,-,Car,15:44:55 BRT,15:44:55.000,50.15,31.16,97
-21.99732,-47.91389,851,2.37,2022-10-17T18:44:56.000Z,gps,-21.99729,-47.91396,847,3.00,12.38,291.8,gps [GPS],00:00:01,13.8,0.0,,,,false,9 / 20,61,510.7,-,1.8,1.6,0.8,-,-,Car,15:44:56 BRT,15:44:56.000,44.57,27.69,97
-21.99728,-47.91400,852,2.36,2022-10-17T18:44:57.000Z,gps,-21.99725,-47.91407,848,3.00,12.33,291.8,gps [GPS],00:00:01,12.7,0.0,,,,false,8 / 19,62,523.4,-,2.0,1.8,0.8,-,-,Car,15:44:57 BRT,15:44:57.000,44.39,27.58,97
-21.99723,-47.91411,853,2.36,2022-10-17T18:44:58.000Z,gps,-21.99721,-47.91418,849,3.00,11.36,292.6,gps [GPS],00:00:01,12.1,0.0,,,,false,9 / 18,63,535.4,-,2.0,1.8,0.8,-,-,Car,15:44:58 BRT,15:44:58.000,40.90,25.41,97
-21.99720,-47.91421,853,2.36,2022-10-17T18:44:59.000Z,gps,-21.99717,-47.91427,849,3.00,9.76,293.2,gps [GPS],00:00:01,11.1,0.0,,,,false,9 / 20,64,546.6,-,1.8,1.6,0.8,-,-,Car,15:44:59 BRT,15:44:59.000,35.14,21.83,97
-21.99716,-47.91429,853,2.36,2022-10-17T18:45:00.000Z,gps,-21.99714,-47.91434,849,3.00,6.81,293.9,gps [GPS],00:00:01,9.2,0.0,,,,false,10 / 20,65,555.8,-,1.8,1.6,0.8,-,-,Car,15:45:00 BRT,15:45:00.000,24.52,15.23,97
-21.99714,-47.91435,853,2.36,2022-10-17T18:45:01.000Z,gps,-21.99712,-47.91439,849,3.00,4.20,289.9,gps [GPS],00:00:01,7.0,0.0,,,,false,10 / 20,66,562.8,-,1.8,1.4,0.8,-,-,Car,15:45:01 BRT,15:45:01.000,15.12,9.40,97
-21.99711,-47.91440,853,2.36,2022-10-17T18:45:02.000Z,gps,-21.99710,-47.91443,849,3.00,4.51,296.8,gps [GPS],00:00:01,5.3,0.0,,,,false,10 / 20,67,568.1,-,1.8,1.4,0.8,-,-,Car,15:45:02 BRT,15:45:02.000,16.24,10.09,97
-21.99709,-47.91444,853,2.36,2022-10-17T18:45:03.000Z,gps,-21.99708,-47.91447,849,3.00,5.61,298.4,gps [GPS],00:00:01,5.1,0.0,,,,false,10 / 19,68,573.3,-,1.8,1.4,0.8,-,-,Car,15:45:03 BRT,15:45:03.000,20.20,12.55,97
-21.99703,-47.91453,854,2.86,2022-10-17T18:45:05.000Z,gps,-21.99699,-47.91457,850,4.00,8.91,319.1,gps [GPS],00:00:02,11.2,0.0,,,,false,10 / 19,70,584.5,-,1.6,1.4,0.8,-,-,Car,15:45:05 BRT,15:45:05.000,32.08,19.93,97
-21.99696,-47.91458,855,4.13,2022-10-17T18:45:07.000Z,gps,-21.99684,-47.91469,851,7.00,10.78,322.5,gps [GPS],00:00:02,9.2,0.0,,,,false,10 / 19,72,593.7,-,1.6,1.4,0.8,-,-,Car,15:45:07 BRT,15:45:07.000,38.81,24.11,97
-21.99686,-47.91468,856,3.57,2022-10-17T18:45:08.000Z,gps,-21.99677,-47.91477,852,5.00,11.79,310.2,gps [GPS],00:00:01,14.6,0.0,,,,false,10 / 18,73,608.3,-,1.6,1.4,0.8,-,-,Car,15:45:08 BRT,15:45:08.000,42.44,26.37,97
-21.99678,-47.91479,856,3.04,2022-10-17T18:45:09.000Z,gps,-21.99671,-47.91487,852,4.00,12.07,295.7,gps [GPS],00:00:01,15.0,0.0,,,,false,10 / 21,74,623.2,-,1.6,1.4,0.8,-,-,Car,15:45:09 BRT,15:45:09.000,43.45,27.00,97
-21.99672,-47.91489,857,2.92,2022-10-17T18:45:10.000Z,gps,-21.99668,-47.91498,853,4.00,12.15,279.3,gps [GPS],00:00:01,12.0,0.0,,,,false,10 / 21,75,635.3,-,1.6,1.4,0.8,-,-,Car,15:45:10 BRT,15:45:10.000,43.74,27.18,97
-21.99669,-47.91499,856,2.89,2022-10-17T18:45:11.000Z,gps,-21.99667,-47.91509,852,4.00,11.78,266.9,gps [GPS],00:00:01,11.1,0.0,,,,false,10 / 22,76,646.4,-,1.6,1.4,0.8,-,-,Car,15:45:11 BRT,15:45:11.000,42.41,26.35,97
-21.99668,-47.91513,856,2.43,2022-10-17T18:45:12.000Z,gps,-21.99667,-47.91520,852,3.00,11.30,274.3,gps [GPS],00:00:01,14.1,0.0,,,,false,10 / 22,77,660.4,-,1.6,1.4,0.8,-,-,Car,15:45:12 BRT,15:45:12.000,40.68,25.28,97
-21.99662,-47.91528,856,3.10,2022-10-17T18:45:14.000Z,gps,-21.99658,-47.91538,852,4.00,10.89,311.8,gps [GPS],00:00:02,17.0,0.0,,,,false,10 / 22,79,677.5,-,1.6,1.4,0.8,-,-,Car,15:45:14 BRT,15:45:14.000,39.20,24.36,97
-21.99656,-47.91537,856,2.93,2022-10-17T18:45:15.000Z,gps,-21.99651,-47.91546,852,4.00,10.20,320.1,gps [GPS],00:00:01,11.7,0.0,,,,false,9 / 22,80,689.2,-,1.6,1.4,0.8,-,-,Car,15:45:15 BRT,15:45:15.000,36.72,22.82,97
-21.99650,-47.91545,856,2.89,2022-10-17T18:45:16.000Z,gps,-21.99645,-47.91551,852,4.00,7.93,320.2,gps [GPS],00:00:01,9.6,0.0,,,,false,9 / 23,81,698.8,-,2.8,2.6,1.2,-,-,Car,15:45:16 BRT,15:45:16.000,28.55,17.74,97
-21.99645,-47.91550,855,2.89,2022-10-17T18:45:17.000Z,gps,-21.99641,-47.91555,851,4.00,5.69,319.4,gps [GPS],00:00:01,7.8,0.0,,,,false,9 / 22,82,706.6,-,2.8,2.6,1.2,-,-,Car,15:45:17 BRT,15:45:17.000,20.48,12.73,97
-21.99641,-47.91554,855,2.88,2022-10-17T18:45:18.000Z,gps,-21.99637,-47.91558,851,4.00,4.81,318.8,gps [GPS],00:00:01,6.5,0.0,,,,false,9 / 23,83,713.1,-,2.8,2.6,1.2,-,-,Car,15:45:18 BRT,15:45:18.001,17.32,10.76,97
-21.99636,-47.91559,854,2.43,2022-10-17T18:45:19.000Z,gps,-21.99634,-47.91562,850,3.00,5.17,315.8,gps [GPS],00:00:01,7.5,0.0,,,,false,9 / 22,84,720.6,-,2.8,2.6,1.2,-,-,Car,15:45:19 BRT,15:45:19.000,18.61,11.56,97
-21.99628,-47.91568,853,2.56,2022-10-17T18:45:21.000Z,gps,-21.99625,-47.91571,849,3.00,8.15,318.3,gps [GPS],00:00:02,12.4,0.0,,,,false,10 / 21,86,733.0,-,1.6,1.4,0.8,-,-,Car,15:45:21 BRT,15:45:21.000,29.34,18.23,97
-21.99623,-47.91573,853,2.39,2022-10-17T18:45:22.000Z,gps,-21.99619,-47.91577,849,3.00,8.79,317.5,gps [GPS],00:00:01,8.6,0.0,,,,false,10 / 21,87,741.6,-,1.6,1.4,0.8,-,-,Car,15:45:22 BRT,15:45:22.000,31.64,19.66,97
-21.99617,-47.91579,853,2.36,2022-10-17T18:45:23.000Z,gps,-21.99614,-47.91583,849,3.00,8.77,319.4,gps [GPS],00:00:01,8.6,0.0,,,,false,10 / 22,88,750.2,-,1.6,1.4,0.8,-,-,Car,15:45:23 BRT,15:45:23.000,31.57,19.62,97
-21.99612,-47.91584,853,2.76,2022-10-17T18:45:24.000Z,gps,-21.99607,-47.91589,849,4.00,9.89,318.7,gps [GPS],00:00:01,6.9,0.0,,,,false,11 / 22,89,757.1,-,1.6,1.4,0.6,-,-,Car,15:45:24 BRT,15:45:24.000,35.60,22.12,97
-21.99607,-47.91589,854,2.86,2022-10-17T18:45:25.000Z,gps,-21.99601,-47.91595,850,4.00,10.82,317.5,gps [GPS],00:00:01,8.9,0.0,,,,false,11 / 20,90,766.1,-,1.6,1.4,0.6,-,-,Car,15:45:25 BRT,15:45:25.000,38.95,24.20,97
-21.99600,-47.91596,855,2.88,2022-10-17T18:45:26.000Z,gps,-21.99594,-47.91602,851,4.00,11.80,317.2,gps [GPS],00:00:01,10.0,0.0,,,,false,11 / 19,91,776.1,-,1.6,1.4,0.6,-,-,Car,15:45:26 BRT,15:45:26.000,42.48,26.40,97
-21.99592,-47.91603,855,2.88,2022-10-17T18:45:27.000Z,gps,-21.99586,-47.91610,851,4.00,12.74,316.7,gps [GPS],00:00:01,11.1,0.0,,,,false,11 / 18,92,787.1,-,1.6,1.4,0.6,-,-,Car,15:45:27 BRT,15:45:27.000,45.86,28.50,97
-21.99584,-47.91611,856,2.88,2022-10-17T18:45:28.000Z,gps,-21.99577,-47.91618,852,4.00,13.24,319.3,gps [GPS],00:00:01,11.8,0.0,,,,false,11 / 16,93,799.0,-,1.6,1.4,0.6,-,-,Car,15:45:28 BRT,15:45:28.000,47.66,29.62,97
-21.99574,-47.91620,856,2.43,2022-10-17T18:45:29.000Z,gps,-21.99568,-47.91625,852,3.00,12.83,318.8,gps [GPS],00:00:01,15.5,0.0,,,,false,11 / 20,94,814.5,-,1.6,1.4,0.6,-,-,Car,15:45:29 BRT,15:45:29.000,46.19,28.70,97
-21.99565,-47.91628,856,2.37,2022-10-17T18:45:30.000Z,gps,-21.99559,-47.91633,852,3.00,13.20,317.5,gps [GPS],00:00:01,12.8,0.0,,,,false,11 / 22,95,827.3,-,1.6,1.4,0.6,-,-,Car,15:45:30 BRT,15:45:30.000,47.52,29.53,97
-21.99558,-47.91635,856,2.76,2022-10-17T18:45:31.000Z,gps,-21.99550,-47.91641,852,4.00,13.66,320.1,gps [GPS],00:00:01,10.1,0.0,,,,false,11 / 23,96,837.5,-,1.6,1.4,0.6,-,-,Car,15:45:31 BRT,15:45:31.000,49.18,30.56,97
-21.99549,-47.91642,857,2.86,2022-10-17T18:45:32.000Z,gps,-21.99540,-47.91650,853,4.00,14.08,320.3,gps [GPS],00:00:01,13.0,0.0,,,,false,11 / 23,97,850.5,-,1.6,1.4,0.6,-,-,Car,15:45:32 BRT,15:45:32.000,50.69,31.50,97
-21.99539,-47.91651,857,2.88,2022-10-17T18:45:33.000Z,gps,-21.99530,-47.91659,853,4.00,14.56,320.6,gps [GPS],00:00:01,13.9,0.0,,,,false,10 / 22,98,864.3,-,1.6,1.4,0.6,-,-,Car,15:45:33 BRT,15:45:33.000,52.42,32.57,97
-21.99529,-47.91660,857,2.88,2022-10-17T18:45:34.000Z,gps,-21.99520,-47.91668,853,4.00,14.73,320.6,gps [GPS],00:00:01,14.5,0.0,,,,false,9 / 19,99,878.9,-,1.6,1.4,0.8,-,-,Car,15:45:34 BRT,15:45:34.000,53.03,32.95,97
-21.99519,-47.91669,858,2.88,2022-10-17T18:45:35.000Z,gps,-21.99509,-47.91678,854,4.00,14.85,319.3,gps [GPS],00:00:01,14.8,0.0,,,,false,11 / 21,100,893.7,-,2.8,2.6,1.2,-,-,Car,15:45:35 BRT,15:45:35.000,53.46,33.22,97
-21.99509,-47.91679,858,2.88,2022-10-17T18:45:36.000Z,gps,-21.99499,-47.91687,854,4.00,14.70,319.5,gps [GPS],00:00:01,14.9,0.0,,,,false,11 / 22,101,908.6,-,1.6,1.4,0.6,-,-,Car,15:45:36 BRT,15:45:36.000,52.92,32.88,97
-21.99499,-47.91688,858,2.88,2022-10-17T18:45:37.000Z,gps,-21.99489,-47.91697,854,4.00,14.94,319.3,gps [GPS],00:00:01,14.9,0.0,,,,false,11 / 22,102,923.4,-,1.6,1.4,0.6,-,-,Car,15:45:37 BRT,15:45:37.000,53.78,33.42,97
-21.99489,-47.91698,859,2.88,2022-10-17T18:45:38.000Z,gps,-21.99479,-47.91707,855,4.00,15.50,319.5,gps [GPS],00:00:01,15.1,0.0,,,,false,11 / 22,103,938.5,-,1.6,1.4,0.6,-,-,Car,15:45:38 BRT,15:45:38.000,55.80,34.67,97
-21.99478,-47.91708,860,2.88,2022-10-17T18:45:39.000Z,gps,-21.99468,-47.91716,856,4.00,15.39,320.4,gps [GPS],00:00:01,15.3,0.0,,,,false,11 / 20,104,953.8,-,1.6,1.4,0.6,-,-,Car,15:45:39 BRT,15:45:39.000,55.40,34.43,97
-21.99468,-47.91717,861,2.88,2022-10-17T18:45:40.000Z,gps,-21.99458,-47.91726,857,4.00,15.26,319.8,gps [GPS],00:00:01,15.3,0.0,,,,false,11 / 20,105,969.0,-,1.6,1.4,0.6,-,-,Car,15:45:40 BRT,15:45:40.000,54.94,34.14,97
-21.99454,-47.91729,861,2.43,2022-10-17T18:45:41.000Z,gps,-21.99448,-47.91736,857,3.00,15.11,319.6,gps [GPS],00:00:01,19.3,0.0,,,,false,10 / 18,106,988.3,-,1.6,1.4,0.8,-,-,Car,15:45:41 BRT,15:45:41.000,54.40,33.80,97
-21.99444,-47.91739,862,2.37,2022-10-17T18:45:42.000Z,gps,-21.99437,-47.91745,858,3.00,15.13,320.2,gps [GPS],00:00:01,15.6,0.0,,,,false,10 / 19,107,1004.0,-,1.6,1.4,0.8,-,-,Car,15:45:42 BRT,15:45:42.000,54.47,33.84,97
-21.99433,-47.91748,863,2.36,2022-10-17T18:45:43.000Z,gps,-21.99427,-47.91754,859,3.00,15.21,320.4,gps [GPS],00:00:01,15.1,0.0,,,,false,10 / 21,108,1019.1,-,1.6,1.4,0.8,-,-,Car,15:45:43 BRT,15:45:43.000,54.76,34.02,97
-21.99422,-47.91757,863,2.36,2022-10-17T18:45:44.000Z,gps,-21.99416,-47.91763,859,3.00,15.22,319.8,gps [GPS],00:00:01,15.1,0.0,,,,false,11 / 22,109,1034.2,-,1.6,1.4,0.8,-,-,Car,15:45:44 BRT,15:45:44.000,54.79,34.05,97
-21.99412,-47.91767,863,2.36,2022-10-17T18:45:45.000Z,gps,-21.99405,-47.91773,859,3.00,15.30,319.8,gps [GPS],00:00:01,15.3,0.0,,,,false,10 / 20,110,1049.4,-,1.6,1.4,0.6,-,-,Car,15:45:45 BRT,15:45:45.000,55.08,34.23,97
-21.99401,-47.91776,865,2.36,2022-10-17T18:45:46.000Z,gps,-21.99395,-47.91782,861,3.00,15.40,320.6,gps [GPS],00:00:01,15.3,0.0,,,,false,10 / 21,111,1064.7,-,1.6,1.4,0.8,-,-,Car,15:45:46 BRT,15:45:46.000,55.44,34.45,97
-21.99393,-47.91784,865,2.76,2022-10-17T18:45:47.000Z,gps,-21.99384,-47.91792,861,4.00,15.45,321.0,gps [GPS],00:00:01,12.1,0.0,,,,false,11 / 20,112,1076.8,-,1.6,1.4,0.8,-,-,Car,15:45:47 BRT,15:45:47.000,55.62,34.56,97
-21.99383,-47.91793,865,2.86,2022-10-17T18:45:48.000Z,gps,-21.99373,-47.91801,861,4.00,15.52,320.5,gps [GPS],00:00:01,14.7,0.0,,,,false,11 / 20,113,1091.5,-,1.6,1.4,0.6,-,-,Car,15:45:48 BRT,15:45:48.000,55.87,34.72,97
-21.99369,-47.91804,866,2.43,2022-10-17T18:45:49.000Z,gps,-21.99361,-47.91810,862,3.00,15.38,319.3,gps [GPS],00:00:01,19.7,0.0,,,,false,11 / 18,114,1111.2,-,1.6,1.4,0.8,-,-,Car,15:45:49 BRT,15:45:49.000,55.37,34.40,97
-21.99358,-47.91814,867,2.37,2022-10-17T18:45:50.000Z,gps,-21.99351,-47.91820,863,3.00,15.11,319.8,gps [GPS],00:00:01,15.7,0.0,,,,false,11 / 20,115,1126.8,-,1.6,1.4,0.8,-,-,Car,15:45:50 BRT,15:45:50.000,54.40,33.80,97
-21.99347,-47.91823,867,2.36,2022-10-17T18:45:51.000Z,gps,-21.99340,-47.91829,863,3.00,15.03,320.0,gps [GPS],00:00:01,15.3,0.0,,,,false,11 / 20,116,1142.1,-,1.6,1.4,0.8,-,-,Car,15:45:51 BRT,15:45:51.000,54.11,33.62,97
-21.99336,-47.91832,867,2.36,2022-10-17T18:45:52.000Z,gps,-21.99330,-47.91838,863,3.00,14.63,320.8,gps [GPS],00:00:01,15.0,0.0,,,,false,11 / 19,117,1157.2,-,1.6,1.4,0.8,-,-,Car,15:45:52 BRT,15:45:52.000,52.67,32.73,97
-21.99326,-47.91841,868,2.36,2022-10-17T18:45:53.000Z,gps,-21.99320,-47.91847,864,3.00,14.21,319.9,gps [GPS],00:00:01,14.6,0.0,,,,false,11 / 20,118,1171.8,-,1.6,1.4,0.8,-,-,Car,15:45:53 BRT,15:45:53.000,51.16,31.79,97
-21.99316,-47.91850,868,2.36,2022-10-17T18:45:54.000Z,gps,-21.99310,-47.91855,864,3.00,13.73,319.7,gps [GPS],00:00:01,14.0,0.0,,,,false,11 / 21,119,1185.8,-,1.6,1.4,0.8,-,-,Car,15:45:54 BRT,15:45:54.000,49.43,30.71,97
-21.99307,-47.91858,868,2.36,2022-10-17T18:45:55.000Z,gps,-21.99302,-47.91863,864,3.00,11.49,319.6,gps [GPS],00:00:01,13.1,0.0,,,,false,11 / 21,120,1198.9,-,1.6,1.4,0.8,-,-,Car,15:45:55 BRT,15:45:55.000,41.36,25.70,97
-21.99301,-47.91863,869,2.76,2022-10-17T18:45:56.000Z,gps,-21.99295,-47.91869,865,4.00,8.46,320.1,gps [GPS],00:00:01,8.7,0.0,,,,false,11 / 21,121,1207.5,-,1.6,1.4,0.8,-,-,Car,15:45:56 BRT,15:45:56.000,30.46,18.92,97
-21.99295,-47.91869,870,2.86,2022-10-17T18:45:57.000Z,gps,-21.99290,-47.91874,866,4.00,5.96,318.1,gps [GPS],00:00:01,8.6,0.0,,,,false,11 / 22,122,1216.1,-,1.6,1.4,0.8,-,-,Car,15:45:57 BRT,15:45:57.000,21.46,13.33,97
-21.99290,-47.91874,870,2.88,2022-10-17T18:45:58.000Z,gps,-21.99285,-47.91878,866,4.00,7.36,318.9,gps [GPS],00:00:01,7.8,0.0,,,,false,11 / 23,123,1223.9,-,1.6,1.4,0.8,-,-,Car,15:45:58 BRT,15:45:58.000,26.50,16.46,97
-21.99285,-47.91879,871,2.88,2022-10-17T18:45:59.000Z,gps,-21.99280,-47.91883,867,4.00,8.79,320.8,gps [GPS],00:00:01,8.1,0.0,,,,false,10 / 23,124,1232.0,-,1.8,1.6,0.8,-,-,Car,15:45:59 BRT,15:45:59.000,31.64,19.66,97
-21.99278,-47.91884,872,2.88,2022-10-17T18:46:00.000Z,gps,-21.99272,-47.91889,868,4.00,9.78,323.0,gps [GPS],00:00:01,8.9,0.0,,,,false,11 / 24,125,1240.9,-,1.8,1.6,0.8,-,-,Car,15:46:00 BRT,15:46:00.001,35.21,21.88,97
-21.99273,-47.91888,873,3.20,2022-10-17T18:46:01.000Z,gps,-21.99264,-47.91895,869,5.00,11.25,320.4,gps [GPS],00:00:01,7.8,0.0,,,,false,10 / 23,126,1248.6,-,1.6,1.4,0.8,-,-,Car,15:46:01 BRT,15:46:01.000,40.50,25.17,97
-21.99264,-47.91896,873,2.96,2022-10-17T18:46:02.000Z,gps,-21.99256,-47.91902,869,4.00,12.31,321.9,gps [GPS],00:00:01,12.7,0.0,,,,false,10 / 23,127,1261.3,-,1.6,1.4,0.8,-,-,Car,15:46:02 BRT,15:46:02.000,44.32,27.54,97
-21.99255,-47.91903,874,2.90,2022-10-17T18:46:03.000Z,gps,-21.99247,-47.91910,870,4.00,13.46,319.0,gps [GPS],00:00:01,12.2,0.0,,,,false,12 / 24,128,1273.5,-,1.6,1.4,0.6,-,-,Car,15:46:03 BRT,15:46:03.000,48.46,30.11,97
-21.99246,-47.91911,875,2.89,2022-10-17T18:46:04.000Z,gps,-21.99238,-47.91919,871,4.00,13.91,320.0,gps [GPS],00:00:01,12.8,0.0,,,,false,12 / 22,129,1286.2,-,1.6,1.4,0.6,-,-,Car,15:46:04 BRT,15:46:04.000,50.08,31.12,97
-21.99237,-47.91920,875,2.88,2022-10-17T18:46:05.000Z,gps,-21.99229,-47.91927,871,4.00,13.88,320.2,gps [GPS],00:00:01,13.3,0.0,,,,false,12 / 21,130,1299.5,-,1.6,1.4,0.6,-,-,Car,15:46:05 BRT,15:46:05.000,49.97,31.05,97
-21.99228,-47.91928,874,2.88,2022-10-17T18:46:06.000Z,gps,-21.99219,-47.91936,870,4.00,14.76,320.2,gps [GPS],00:00:01,13.6,0.0,,,,false,12 / 21,131,1313.1,-,1.6,1.4,0.6,-,-,Car,15:46:06 BRT,15:46:06.000,53.14,33.02,97
-21.99218,-47.91937,874,2.88,2022-10-17T18:46:07.000Z,gps,-21.99209,-47.91945,870,4.00,14.97,319.8,gps [GPS],00:00:01,14.2,0.0,,,,false,12 / 19,132,1327.3,-,1.6,1.4,0.6,-,-,Car,15:46:07 BRT,15:46:07.000,53.89,33.49,97
-21.99208,-47.91946,874,2.88,2022-10-17T18:46:08.000Z,gps,-21.99199,-47.91954,870,4.00,14.58,320.1,gps [GPS],00:00:01,14.5,0.0,,,,false,12 / 20,133,1341.8,-,1.6,1.4,0.6,-,-,Car,15:46:08 BRT,15:46:08.000,52.49,32.61,97
-21.99195,-47.91957,874,2.43,2022-10-17T18:46:09.000Z,gps,-21.99189,-47.91962,870,3.00,14.18,319.7,gps [GPS],00:00:01,18.2,0.0,,,,false,13 / 20,134,1360.0,-,1.6,1.4,0.6,-,-,Car,15:46:09 BRT,15:46:09.000,51.05,31.72,97
-21.99185,-47.91965,874,2.37,2022-10-17T18:46:10.000Z,gps,-21.99179,-47.91971,870,3.00,13.93,319.5,gps [GPS],00:00:01,14.5,0.0,,,,false,13 / 21,135,1374.5,-,1.6,1.4,0.6,-,-,Car,15:46:10 BRT,15:46:10.000,50.15,31.16,97
-21.99177,-47.91972,874,2.76,2022-10-17T18:46:11.000Z,gps,-21.99169,-47.91979,870,4.00,13.58,321.1,gps [GPS],00:00:01,10.7,0.0,,,,false,13 / 21,136,1385.3,-,1.6,1.4,0.6,-,-,Car,15:46:11 BRT,15:46:11.000,48.89,30.38,97
-21.99168,-47.91980,874,2.86,2022-10-17T18:46:12.000Z,gps,-21.99159,-47.91987,870,4.00,12.89,323.4,gps [GPS],00:00:01,12.9,0.0,,,,false,13 / 21,137,1398.2,-,1.6,1.4,0.6,-,-,Car,15:46:12 BRT,15:46:12.000,46.40,28.83,97
-21.99156,-47.91988,874,2.43,2022-10-17T18:46:13.000Z,gps,-21.99149,-47.91993,870,3.00,12.24,334.8,gps [GPS],00:00:01,16.5,0.0,,,,false,13 / 21,138,1414.6,-,1.6,1.4,0.6,-,-,Car,15:46:13 BRT,15:46:13.000,44.06,27.38,97
-21.99145,-47.91993,875,2.37,2022-10-17T18:46:14.000Z,gps,-21.99139,-47.91997,871,3.00,11.89,346.7,gps [GPS],00:00:01,12.9,0.0,,,,false,13 / 22,139,1427.5,-,1.6,1.4,0.6,-,-,Car,15:46:14 BRT,15:46:14.000,42.80,26.60,97
-21.99135,-47.91997,875,2.36,2022-10-17T18:46:15.000Z,gps,-21.99129,-47.91999,871,3.00,11.62,352.8,gps [GPS],00:00:01,11.8,0.0,,,,false,13 / 22,140,1439.3,-,1.6,1.4,0.6,-,-,Car,15:46:15 BRT,15:46:15.000,41.83,25.99,97
-21.99125,-47.92000,875,2.36,2022-10-17T18:46:16.000Z,gps,-21.99119,-47.92001,871,3.00,11.24,349.8,gps [GPS],00:00:01,11.6,0.0,,,,false,13 / 22,141,1450.9,-,1.6,1.4,0.6,-,-,Car,15:46:16 BRT,15:46:16.000,40.46,25.14,97
-21.99115,-47.92003,875,2.36,2022-10-17T18:46:17.000Z,gps,-21.99109,-47.92004,871,3.00,10.55,346.4,gps [GPS],00:00:01,11.2,0.0,,,,false,13 / 21,142,1462.1,-,1.6,1.4,0.6,-,-,Car,15:46:17 BRT,15:46:17.000,37.98,23.60,97
-21.99109,-47.92006,875,2.76,2022-10-17T18:46:18.000Z,gps,-21.99102,-47.92011,871,4.00,9.66,328.9,gps [GPS],00:00:01,8.0,0.0,,,,false,13 / 21,143,1470.1,-,1.6,1.4,0.6,-,-,Car,15:46:18 BRT,15:46:18.000,34.78,21.61,97
-21.99104,-47.92013,875,2.86,2022-10-17T18:46:19.000Z,gps,-21.99098,-47.92019,871,4.00,9.56,294.8,gps [GPS],00:00:01,9.0,0.0,,,,false,13 / 20,144,1479.1,-,1.6,1.4,0.6,-,-,Car,15:46:19 BRT,15:46:19.000,34.42,21.39,97
-21.99099,-47.92023,875,2.43,2022-10-17T18:46:20.000Z,gps,-21.99096,-47.92028,871,3.00,9.13,277.2,gps [GPS],00:00:01,11.4,0.0,,,,false,13 / 20,145,1490.5,-,1.6,1.4,0.6,-,-,Car,15:46:20 BRT,15:46:20.000,32.87,20.42,97
-21.99097,-47.92032,874,2.37,2022-10-17T18:46:21.000Z,gps,-21.99096,-47.92037,870,3.00,8.44,262.7,gps [GPS],00:00:01,9.5,0.0,,,,false,13 / 20,146,1499.9,-,1.6,1.4,0.6,-,-,Car,15:46:21 BRT,15:46:21.000,30.38,18.88,97
-21.99097,-47.92039,874,2.36,2022-10-17T18:46:22.000Z,gps,-21.99098,-47.92044,870,3.00,7.12,248.2,gps [GPS],00:00:01,8.0,0.0,,,,false,13 / 20,147,1507.9,-,1.6,1.4,0.6,-,-,Car,15:46:22 BRT,15:46:22.000,25.63,15.93,97
-21.99099,-47.92045,875,2.36,2022-10-17T18:46:23.000Z,gps,-21.99100,-47.92049,871,3.00,5.37,232.8,gps [GPS],00:00:01,6.5,0.0,,,,false,12 / 19,148,1514.4,-,1.6,1.4,0.6,-,-,Car,15:46:23 BRT,15:46:23.000,19.33,12.01,97
-21.99103,-47.92052,876,2.36,2022-10-17T18:46:25.000Z,gps,-21.99104,-47.92053,872,3.00,1.31,208.3,gps [GPS],00:00:02,8.0,0.0,,,,false,13 / 21,150,1522.5,-,1.6,1.4,0.6,-,-,Car,15:46:25 BRT,15:46:25.000,4.72,2.93,97
-21.99106,-47.92056,876,2.76,2022-10-17T18:46:28.000Z,gps,-21.99107,-47.92057,872,4.00,3.95,215.7,gps [GPS],00:00:03,5.1,0.0,,,,false,13 / 21,153,1527.5,-,1.6,1.4,0.6,-,-,Car,15:46:28 BRT,15:46:28.000,14.22,8.84,97
-21.99114,-47.92060,876,2.43,2022-10-17T18:46:30.000Z,gps,-21.99117,-47.92061,872,3.00,6.17,205.0,gps [GPS],00:00:02,9.8,0.0,,,,false,13 / 21,155,1537.3,-,1.6,1.4,0.6,-,-,Car,15:46:30 BRT,15:46:30.000,22.21,13.80,97
-21.99118,-47.92064,876,2.37,2022-10-17T18:46:31.000Z,gps,-21.99121,-47.92066,872,3.00,7.13,229.9,gps [GPS],00:00:01,6.0,0.0,,,,false,13 / 21,156,1543.4,-,1.6,1.4,0.6,-,-,Car,15:46:31 BRT,15:46:31.000,25.67,15.95,97
-21.99121,-47.92069,876,2.36,2022-10-17T18:46:32.000Z,gps,-21.99123,-47.92072,872,3.00,7.62,255.5,gps [GPS],00:00:01,6.3,0.0,,,,false,13 / 20,157,1549.7,-,1.6,1.4,0.6,-,-,Car,15:46:32 BRT,15:46:32.000,27.43,17.05,97
-21.99123,-47.92076,876,2.36,2022-10-17T18:46:33.000Z,gps,-21.99125,-47.92080,872,3.00,8.68,258.4,gps [GPS],00:00:01,7.6,0.0,,,,false,13 / 20,158,1557.3,-,1.6,1.4,0.6,-,-,Car,15:46:33 BRT,15:46:33.000,31.25,19.42,97
-21.99126,-47.92084,876,2.36,2022-10-17T18:46:34.000Z,gps,-21.99127,-47.92089,872,3.00,10.53,254.6,gps [GPS],00:00:01,8.9,0.0,,,,false,13 / 18,159,1566.2,-,1.6,1.4,0.6,-,-,Car,15:46:34 BRT,15:46:34.000,37.91,23.55,97
-21.99128,-47.92094,876,2.36,2022-10-17T18:46:35.000Z,gps,-21.99130,-47.92100,872,3.00,11.91,255.5,gps [GPS],00:00:01,10.3,0.0,,,,false,13 / 19,160,1576.5,-,1.6,1.4,0.6,-,-,Car,15:46:35 BRT,15:46:35.000,42.88,26.64,97
-21.99131,-47.92105,876,2.36,2022-10-17T18:46:36.000Z,gps,-21.99132,-47.92111,872,3.00,12.01,257.5,gps [GPS],00:00:01,11.6,0.0,,,,false,12 / 18,161,1588.0,-,1.6,1.4,0.6,-,-,Car,15:46:36 BRT,15:46:36.000,43.24,26.87,97
-21.99133,-47.92116,876,2.36,2022-10-17T18:46:37.000Z,gps,-21.99135,-47.92123,872,3.00,13.38,256.8,gps [GPS],00:00:01,12.3,0.0,,,,false,12 / 20,162,1600.4,-,2.0,1.8,0.8,-,-,Car,15:46:37 BRT,15:46:37.000,48.17,29.93,97
-21.99136,-47.92129,876,2.36,2022-10-17T18:46:38.000Z,gps,-21.99138,-47.92136,872,3.00,14.46,256.1,gps [GPS],00:00:01,13.3,0.0,,,,false,13 / 20,163,1613.6,-,2.0,1.8,0.8,-,-,Car,15:46:38 BRT,15:46:38.000,52.06,32.35,97
-21.99139,-47.92142,876,2.36,2022-10-17T18:46:39.000Z,gps,-21.99141,-47.92151,872,3.00,15.67,256.0,gps [GPS],00:00:01,14.4,0.0,,,,false,12 / 18,164,1628.1,-,1.6,1.4,0.6,-,-,Car,15:46:39 BRT,15:46:39.000,56.41,35.05,97
-21.99143,-47.92157,877,2.36,2022-10-17T18:46:40.000Z,gps,-21.99145,-47.92166,873,3.00,15.80,256.4,gps [GPS],00:00:01,15.3,0.0,,,,false,13 / 19,165,1643.4,-,2.0,1.8,0.8,-,-,Car,15:46:40 BRT,15:46:40.000,56.88,35.34,97
-21.99146,-47.92171,877,2.36,2022-10-17T18:46:41.000Z,gps,-21.99148,-47.92180,873,3.00,15.40,257.1,gps [GPS],00:00:01,15.4,0.0,,,,false,11 / 18,166,1658.8,-,1.6,1.4,0.6,-,-,Car,15:46:41 BRT,15:46:41.000,55.44,34.45,97
-21.99149,-47.92186,877,2.36,2022-10-17T18:46:42.000Z,gps,-21.99151,-47.92195,873,3.00,15.46,257.1,gps [GPS],00:00:01,15.3,0.0,,,,false,12 / 20,167,1674.1,-,2.0,1.8,0.8,-,-,Car,15:46:42 BRT,15:46:42.000,55.66,34.58,97
-21.99153,-47.92200,877,2.36,2022-10-17T18:46:43.000Z,gps,-21.99155,-47.92209,873,3.00,14.90,255.6,gps [GPS],00:00:01,15.1,0.0,,,,false,12 / 20,168,1689.2,-,2.0,1.8,0.8,-,-,Car,15:46:43 BRT,15:46:43.000,53.64,33.33,97
-21.99156,-47.92214,878,2.36,2022-10-17T18:46:44.000Z,gps,-21.99158,-47.92223,874,3.00,14.66,256.8,gps [GPS],00:00:01,14.9,0.0,,,,false,12 / 19,169,1704.1,-,2.0,1.8,0.8,-,-,Car,15:46:44 BRT,15:46:44.000,52.78,32.79,97
-21.99159,-47.92228,878,2.36,2022-10-17T18:46:45.000Z,gps,-21.99161,-47.92236,874,3.00,14.36,256.8,gps [GPS],00:00:01,14.7,0.0,,,,false,12 / 20,170,1718.8,-,2.0,1.8,0.8,-,-,Car,15:46:45 BRT,15:46:45.000,51.70,32.12,97
-21.99161,-47.92241,878,2.36,2022-10-17T18:46:46.000Z,gps,-21.99163,-47.92249,874,3.00,13.27,257.4,gps [GPS],00:00:01,13.9,0.0,,,,false,12 / 20,171,1732.7,-,2.0,1.8,0.8,-,-,Car,15:46:46 BRT,15:46:46.000,47.77,29.68,97
-21.99164,-47.92253,878,2.36,2022-10-17T18:46:47.000Z,gps,-21.99166,-47.92261,874,3.00,13.12,256.2,gps [GPS],00:00:01,13.1,0.0,,,,false,12 / 20,172,1745.8,-,2.0,1.8,0.8,-,-,Car,15:46:47 BRT,15:46:47.000,47.23,29.35,97
-21.99167,-47.92265,878,2.36,2022-10-17T18:46:48.000Z,gps,-21.99168,-47.92272,874,3.00,11.77,256.5,gps [GPS],00:00:01,12.4,0.0,,,,false,12 / 19,173,1758.2,-,2.0,1.8,0.8,-,-,Car,15:46:48 BRT,15:46:48.000,42.37,26.33,97
-21.99169,-47.92276,878,2.36,2022-10-17T18:46:49.000Z,gps,-21.99171,-47.92282,874,3.00,9.53,257.8,gps [GPS],00:00:01,11.3,0.0,,,,false,12 / 19,174,1769.5,-,2.0,1.8,0.8,-,-,Car,15:46:49 BRT,15:46:49.000,34.31,21.32,97
-21.99170,-47.92282,878,2.76,2022-10-17T18:46:50.000Z,gps,-21.99172,-47.92288,874,4.00,4.84,258.8,gps [GPS],00:00:01,6.4,0.0,,,,false,13 / 20,175,1775.9,-,2.0,1.8,0.8,-,-,Car,15:46:50 BRT,15:46:50.000,17.42,10.83,97
-21.99171,-47.92287,879,2.86,2022-10-17T18:46:51.000Z,gps,-21.99172,-47.92292,875,4.00,3.80,257.2,gps [GPS],00:00:01,5.6,0.0,,,,false,13 / 20,176,1781.5,-,1.6,1.4,0.6,-,-,Car,15:46:51 BRT,15:46:51.000,13.68,8.50,97
-21.99173,-47.92296,879,3.20,2022-10-17T18:46:53.000Z,gps,-21.99174,-47.92301,875,5.00,6.66,259.0,gps [GPS],00:00:02,8.9,0.0,,,,false,12 / 19,178,1790.4,-,1.6,1.4,0.6,-,-,Car,15:46:53 BRT,15:46:53.000,23.98,14.90,97
-21.99174,-47.92301,880,3.30,2022-10-17T18:46:54.000Z,gps,-21.99176,-47.92309,876,5.00,8.05,256.9,gps [GPS],00:00:01,6.1,0.0,,,,false,13 / 19,179,1796.6,-,2.0,1.8,0.8,-,-,Car,15:46:54 BRT,15:46:54.000,28.98,18.01,97
-21.99176,-47.92311,880,2.98,2022-10-17T18:46:55.000Z,gps,-21.99178,-47.92319,876,4.00,11.36,257.4,gps [GPS],00:00:01,10.4,0.0,,,,false,12 / 18,180,1807.0,-,1.6,1.4,0.6,-,-,Car,15:46:55 BRT,15:46:55.000,40.90,25.41,97
-21.99179,-47.92322,880,2.91,2022-10-17T18:46:56.000Z,gps,-21.99181,-47.92332,876,4.00,12.55,257.1,gps [GPS],00:00:01,11.3,0.0,,,,false,13 / 19,181,1818.3,-,2.0,1.8,0.8,-,-,Car,15:46:56 BRT,15:46:56.000,45.18,28.07,97
-21.99182,-47.92336,880,2.44,2022-10-17T18:46:57.000Z,gps,-21.99183,-47.92344,876,3.00,12.80,256.8,gps [GPS],00:00:01,15.3,0.0,,,,false,13 / 20,182,1833.6,-,1.6,1.4,0.6,-,-,Car,15:46:57 BRT,15:46:57.000,46.08,28.63,97
-21.99185,-47.92349,880,2.37,2022-10-17T18:46:58.000Z,gps,-21.99186,-47.92357,876,3.00,14.35,256.9,gps [GPS],00:00:01,13.4,0.0,,,,false,13 / 20,183,1847.1,-,1.6,1.4,0.6,-,-,Car,15:46:58 BRT,15:46:58.000,51.66,32.10,97
-21.99188,-47.92362,880,2.36,2022-10-17T18:46:59.000Z,gps,-21.99189,-47.92371,876,3.00,15.53,257.4,gps [GPS],00:00:01,14.1,0.0,,,,false,13 / 20,184,1861.2,-,1.6,1.4,0.6,-,-,Car,15:46:59 BRT,15:46:59.000,55.91,34.74,97
-21.99191,-47.92377,880,2.36,2022-10-17T18:47:00.000Z,gps,-21.99193,-47.92385,876,3.00,16.38,255.6,gps [GPS],00:00:01,15.1,0.0,,,,false,12 / 19,185,1876.3,-,1.6,1.4,0.6,-,-,Car,15:47:00 BRT,15:47:00.000,58.97,36.64,97
-21.99194,-47.92391,880,2.36,2022-10-17T18:47:01.000Z,gps,-21.99196,-47.92401,876,3.00,16.37,257.4,gps [GPS],00:00:01,15.7,0.0,,,,false,13 / 20,186,1892.0,-,1.8,1.6,0.8,-,-,Car,15:47:01 BRT,15:47:01.000,58.93,36.62,97
-21.99197,-47.92403,880,2.76,2022-10-17T18:47:02.000Z,gps,-21.99200,-47.92416,876,4.00,16.16,256.8,gps [GPS],00:00:01,12.6,0.0,,,,false,13 / 20,187,1904.6,-,1.6,1.4,0.6,-,-,Car,15:47:02 BRT,15:47:02.000,58.18,36.15,97
-21.99200,-47.92417,880,2.86,2022-10-17T18:47:03.000Z,gps,-21.99203,-47.92431,876,4.00,15.62,256.3,gps [GPS],00:00:01,15.0,0.0,,,,false,13 / 20,188,1919.6,-,1.6,1.4,0.6,-,-,Car,15:47:03 BRT,15:47:03.000,56.23,34.94,97
-21.99204,-47.92436,881,2.43,2022-10-17T18:47:04.000Z,gps,-21.99206,-47.92446,877,3.00,15.35,257.2,gps [GPS],00:00:01,19.6,0.0,,,,false,13 / 20,189,1939.2,-,1.6,1.4,0.6,-,-,Car,15:47:04 BRT,15:47:04.000,55.26,34.34,97
-21.99207,-47.92451,881,2.37,2022-10-17T18:47:05.000Z,gps,-21.99209,-47.92460,877,3.00,15.29,257.2,gps [GPS],00:00:01,15.9,0.0,,,,false,12 / 19,190,1955.1,-,1.6,1.4,0.6,-,-,Car,15:47:05 BRT,15:47:05.000,55.04,34.20,97
-21.99210,-47.92466,881,2.36,2022-10-17T18:47:06.000Z,gps,-21.99212,-47.92474,877,3.00,15.15,257.1,gps [GPS],00:00:01,15.4,0.0,,,,false,13 / 20,191,1970.5,-,2.0,1.8,0.8,-,-,Car,15:47:06 BRT,15:47:06.000,54.54,33.89,97
-21.99213,-47.92480,881,2.36,2022-10-17T18:47:07.000Z,gps,-21.99215,-47.92489,877,3.00,14.66,257.8,gps [GPS],00:00:01,15.0,0.0,,,,false,12 / 18,192,1985.6,-,1.6,1.4,0.6,-,-,Car,15:47:07 BRT,15:47:07.000,52.78,32.79,97
-21.99216,-47.92493,880,2.36,2022-10-17T18:47:08.000Z,gps,-21.99217,-47.92502,876,3.00,12.70,258.3,gps [GPS],00:00:01,14.4,0.0,,,,false,13 / 20,193,1999.9,-,2.0,1.8,0.8,-,-,Car,15:47:08 BRT,15:47:08.000,45.72,28.41,97
-21.99218,-47.92506,880,2.36,2022-10-17T18:47:09.000Z,gps,-21.99219,-47.92513,876,3.00,10.95,258.1,gps [GPS],00:00:01,12.7,0.0,,,,false,13 / 21,194,2012.7,-,1.6,1.4,0.6,-,-,Car,15:47:09 BRT,15:47:09.000,39.42,24.49,97
-21.99220,-47.92516,880,2.36,2022-10-17T18:47:10.000Z,gps,-21.99221,-47.92523,876,3.00,9.30,254.1,gps [GPS],00:00:01,11.1,0.0,,,,false,13 / 20,195,2023.7,-,1.6,1.4,0.6,-,-,Car,15:47:10 BRT,15:47:10.000,33.48,20.80,97
-21.99223,-47.92525,880,2.36,2022-10-17T18:47:11.000Z,gps,-21.99224,-47.92531,876,3.00,8.76,244.0,gps [GPS],00:00:01,9.9,0.0,,,,false,13 / 20,196,2033.6,-,1.6,1.4,0.6,-,-,Car,15:47:11 BRT,15:47:11.000,31.54,19.60,97
-21.99226,-47.92533,880,2.36,2022-10-17T18:47:12.000Z,gps,-21.99229,-47.92538,876,3.00,9.06,226.7,gps [GPS],00:00:01,9.2,0.0,,,,false,13 / 20,197,2042.8,-,1.6,1.4,0.6,-,-,Car,15:47:12 BRT,15:47:12.000,32.62,20.27,97
-21.99232,-47.92540,880,2.36,2022-10-17T18:47:13.000Z,gps,-21.99235,-47.92544,876,3.00,9.55,208.1,gps [GPS],00:00:01,8.9,0.0,,,,false,13 / 20,198,2051.7,-,1.6,1.4,0.6,-,-,Car,15:47:13 BRT,15:47:13.000,34.38,21.36,97
-21.99239,-47.92545,879,2.36,2022-10-17T18:47:14.000Z,gps,-21.99243,-47.92548,875,3.00,10.39,198.6,gps [GPS],00:00:01,9.5,0.0,,,,false,13 / 19,199,2061.2,-,1.6,1.4,0.6,-,-,Car,15:47:14 BRT,15:47:14.000,37.40,23.24,97
-21.99246,-47.92548,879,2.76,2022-10-17T18:47:15.000Z,gps,-21.99253,-47.92552,875,4.00,11.77,199.6,gps [GPS],00:00:01,8.4,0.0,,,,false,13 / 20,200,2069.6,-,1.6,1.4,0.6,-,-,Car,15:47:15 BRT,15:47:15.000,42.37,26.33,97
-21.99258,-47.92553,878,2.42,2022-10-17T18:47:16.000Z,gps,-21.99264,-47.92556,874,3.00,13.03,201.3,gps [GPS],00:00:01,14.4,0.0,,,,false,12 / 20,201,2084.1,-,1.6,1.4,0.6,-,-,Car,15:47:16 BRT,15:47:16.000,46.91,29.15,97
-21.99269,-47.92558,878,2.37,2022-10-17T18:47:17.000Z,gps,-21.99275,-47.92561,874,3.00,14.27,201.5,gps [GPS],00:00:01,13.2,0.0,,,,false,13 / 20,202,2097.3,-,1.6,1.4,0.6,-,-,Car,15:47:17 BRT,15:47:17.000,51.37,31.92,97
-21.99278,-47.92562,878,2.76,2022-10-17T18:47:18.000Z,gps,-21.99288,-47.92567,874,4.00,15.44,203.3,gps [GPS],00:00:01,11.0,0.0,,,,false,13 / 20,203,2108.3,-,1.6,1.4,0.6,-,-,Car,15:47:18 BRT,15:47:18.000,55.58,34.54,97
-21.99293,-47.92569,877,2.42,2022-10-17T18:47:19.000Z,gps,-21.99301,-47.92573,873,3.00,15.52,203.2,gps [GPS],00:00:01,18.2,0.0,,,,false,13 / 20,204,2126.5,-,1.6,1.4,0.6,-,-,Car,15:47:19 BRT,15:47:19.000,55.87,34.72,97
-21.99306,-47.92575,876,2.37,2022-10-17T18:47:20.000Z,gps,-21.99314,-47.92579,872,3.00,15.17,202.5,gps [GPS],00:00:01,15.9,0.0,,,,false,13 / 20,205,2142.4,-,1.6,1.4,0.6,-,-,Car,15:47:20 BRT,15:47:20.000,54.61,33.93,97
-21.99319,-47.92580,875,2.36,2022-10-17T18:47:21.000Z,gps,-21.99327,-47.92583,871,3.00,13.32,202.6,gps [GPS],00:00:01,14.9,0.0,,,,false,13 / 20,206,2157.4,-,1.6,1.4,0.6,-,-,Car,15:47:21 BRT,15:47:21.000,47.95,29.80,97
-21.99330,-47.92585,875,2.36,2022-10-17T18:47:22.000Z,gps,-21.99337,-47.92588,871,3.00,10.94,203.3,gps [GPS],00:00:01,13.4,0.0,,,,false,13 / 20,207,2170.7,-,1.6,1.4,0.6,-,-,Car,15:47:22 BRT,15:47:22.000,39.38,24.47,97
-21.99340,-47.92590,875,2.36,2022-10-17T18:47:23.000Z,gps,-21.99346,-47.92592,871,3.00,10.14,203.7,gps [GPS],00:00:01,11.7,0.0,,,,false,13 / 20,208,2182.4,-,1.6,1.4,0.6,-,-,Car,15:47:23 BRT,15:47:23.000,36.50,22.68,97
-21.99349,-47.92594,874,2.36,2022-10-17T18:47:24.000Z,gps,-21.99355,-47.92596,870,3.00,11.71,203.0,gps [GPS],00:00:01,11.2,0.0,,,,false,13 / 20,209,2193.6,-,1.6,1.4,0.6,-,-,Car,15:47:24 BRT,15:47:24.000,42.16,26.19,97
-21.99359,-47.92598,874,2.36,2022-10-17T18:47:25.000Z,gps,-21.99365,-47.92601,870,3.00,12.93,202.2,gps [GPS],00:00:01,12.1,0.0,,,,false,13 / 20,210,2205.7,-,1.6,1.4,0.6,-,-,Car,15:47:25 BRT,15:47:25.000,46.55,28.92,97
-21.99370,-47.92603,873,2.36,2022-10-17T18:47:26.000Z,gps,-21.99376,-47.92606,869,3.00,14.19,202.4,gps [GPS],00:00:01,12.8,0.0,,,,false,13 / 20,211,2218.6,-,1.6,1.4,0.6,-,-,Car,15:47:26 BRT,15:47:26.000,51.08,31.74,97
-21.99381,-47.92609,871,2.36,2022-10-17T18:47:27.000Z,gps,-21.99388,-47.92612,867,3.00,14.78,203.6,gps [GPS],00:00:01,13.8,0.0,,,,false,12 / 20,212,2232.4,-,1.6,1.4,0.6,-,-,Car,15:47:27 BRT,15:47:27.000,53.21,33.06,97
-21.99393,-47.92614,870,2.36,2022-10-17T18:47:28.000Z,gps,-21.99400,-47.92617,866,3.00,14.32,203.8,gps [GPS],00:00:01,14.1,0.0,,,,false,12 / 20,213,2246.6,-,1.6,1.4,0.6,-,-,Car,15:47:28 BRT,15:47:28.000,51.55,32.03,97
-21.99404,-47.92619,870,2.36,2022-10-17T18:47:29.000Z,gps,-21.99411,-47.92623,866,3.00,12.64,204.6,gps [GPS],00:00:01,13.6,0.0,,,,false,12 / 20,214,2260.2,-,1.6,1.4,0.6,-,-,Car,15:47:29 BRT,15:47:29.000,45.50,28.27,97
-21.99414,-47.92624,869,2.36,2022-10-17T18:47:30.000Z,gps,-21.99421,-47.92628,865,3.00,10.87,205.4,gps [GPS],00:00:01,12.6,0.0,,,,false,13 / 20,215,2272.8,-,1.6,1.4,0.6,-,-,Car,15:47:30 BRT,15:47:30.000,39.13,24.32,97
-21.99423,-47.92629,869,2.36,2022-10-17T18:47:31.000Z,gps,-21.99428,-47.92631,865,3.00,7.60,204.7,gps [GPS],00:00:01,10.3,0.0,,,,false,13 / 20,216,2283.1,-,1.6,1.4,0.6,-,-,Car,15:47:31 BRT,15:47:31.000,27.36,17.00,97
-21.99429,-47.92632,869,2.36,2022-10-17T18:47:32.000Z,gps,-21.99433,-47.92634,865,3.00,6.64,208.5,gps [GPS],00:00:01,8.3,0.0,,,,false,13 / 20,217,2291.4,-,1.6,1.4,0.6,-,-,Car,15:47:32 BRT,15:47:32.000,23.90,14.85,97
-21.99435,-47.92635,869,2.36,2022-10-17T18:47:33.000Z,gps,-21.99439,-47.92637,865,3.00,6.47,203.9,gps [GPS],00:00:01,7.1,0.0,,,,false,15 / 20,218,2298.6,-,1.6,1.4,0.6,-,-,Car,15:47:33 BRT,15:47:33.000,23.29,14.47,97
-21.99442,-47.92638,869,1.77,2022-10-17T18:47:34.000Z,gps,-21.99444,-47.92639,865,2.00,7.03,203.6,gps [GPS],00:00:01,8.5,0.0,,,,false,14 / 20,219,2307.0,-,1.4,1.2,0.6,-,-,Car,15:47:34 BRT,15:47:34.000,25.31,15.73,97
-21.99447,-47.92641,869,2.27,2022-10-17T18:47:35.000Z,gps,-21.99451,-47.92642,865,3.00,8.72,205.2,gps [GPS],00:00:01,5.9,0.0,,,,false,14 / 20,220,2312.9,-,1.4,1.4,0.6,-,-,Car,15:47:35 BRT,15:47:35.000,31.39,19.51,97
-21.99456,-47.92645,868,1.77,2022-10-17T18:47:36.000Z,gps,-21.99458,-47.92646,864,2.00,9.98,205.8,gps [GPS],00:00:01,10.7,0.0,,,,false,15 / 19,221,2323.6,-,1.4,1.4,0.6,-,-,Car,15:47:36 BRT,15:47:36.000,35.93,22.32,97
-21.99464,-47.92649,868,1.73,2022-10-17T18:47:37.000Z,gps,-21.99466,-47.92651,864,2.00,10.07,204.8,gps [GPS],00:00:01,9.9,0.0,,,,false,15 / 19,222,2333.5,-,1.4,1.2,0.6,-,-,Car,15:47:37 BRT,15:47:37.000,36.25,22.53,97
-21.99472,-47.92653,867,1.73,2022-10-17T18:47:38.000Z,gps,-21.99475,-47.92655,863,2.00,10.64,205.0,gps [GPS],00:00:01,10.0,0.0,,,,false,15 / 19,223,2343.5,-,1.4,1.2,0.6,-,-,Car,15:47:38 BRT,15:47:38.000,38.30,23.80,97
-21.99481,-47.92658,867,1.73,2022-10-17T18:47:39.000Z,gps,-21.99484,-47.92659,863,2.00,10.62,204.8,gps [GPS],00:00:01,10.9,0.0,,,,false,16 / 19,224,2354.4,-,1.4,1.2,0.6,-,-,Car,15:47:39 BRT,15:47:39.000,38.23,23.76,97
-21.99489,-47.92662,867,1.73,2022-10-17T18:47:40.000Z,gps,-21.99492,-47.92664,863,2.00,9.44,204.0,gps [GPS],00:00:01,10.3,0.0,,,,false,15 / 18,225,2364.7,-,1.4,1.2,0.6,-,-,Car,15:47:40 BRT,15:47:40.000,33.98,21.12,97
-21.99495,-47.92665,867,2.27,2022-10-17T18:47:41.000Z,gps,-21.99499,-47.92667,863,3.00,8.34,203.4,gps [GPS],00:00:01,7.2,0.0,,,,false,16 / 19,226,2371.8,-,1.4,1.4,0.6,-,-,Car,15:47:41 BRT,15:47:41.000,30.02,18.66,97
-21.99502,-47.92668,867,2.35,2022-10-17T18:47:42.000Z,gps,-21.99506,-47.92670,863,3.00,6.45,202.0,gps [GPS],00:00:01,8.1,0.0,,,,false,16 / 19,227,2379.9,-,1.4,1.2,0.6,-,-,Car,15:47:42 BRT,15:47:42.000,23.22,14.43,97
-21.99507,-47.92670,867,2.36,2022-10-17T18:47:43.000Z,gps,-21.99510,-47.92672,863,3.00,4.29,202.2,gps [GPS],00:00:01,6.4,0.0,,,,false,16 / 19,228,2386.3,-,1.4,1.2,0.6,-,-,Car,15:47:43 BRT,15:47:43.000,15.44,9.60,97
-21.99511,-47.92672,867,2.36,2022-10-17T18:47:44.000Z,gps,-21.99514,-47.92673,863,3.00,4.68,202.7,gps [GPS],00:00:01,5.1,0.0,,,,false,16 / 19,229,2391.4,-,1.4,1.2,0.6,-,-,Car,15:47:44 BRT,15:47:44.000,16.85,10.47,97
-21.99516,-47.92674,867,2.36,2022-10-17T18:47:45.000Z,gps,-21.99519,-47.92676,863,3.00,6.81,201.5,gps [GPS],00:00:01,5.7,0.0,,,,false,16 / 19,230,2397.2,-,1.4,1.2,0.6,-,-,Car,15:47:45 BRT,15:47:45.000,24.52,15.23,97
-21.99522,-47.92678,867,2.36,2022-10-17T18:47:46.000Z,gps,-21.99526,-47.92679,863,3.00,9.48,205.7,gps [GPS],00:00:01,7.4,0.0,,,,false,16 / 19,231,2404.5,-,1.4,1.2,0.6,-,-,Car,15:47:46 BRT,15:47:46.000,34.13,21.21,97
-21.99530,-47.92681,866,2.36,2022-10-17T18:47:47.000Z,gps,-21.99535,-47.92684,862,3.00,11.44,205.1,gps [GPS],00:00:01,9.7,0.0,,,,false,15 / 19,232,2414.2,-,1.4,1.2,0.6,-,-,Car,15:47:47 BRT,15:47:47.000,41.18,25.59,97
-21.99539,-47.92685,866,2.36,2022-10-17T18:47:48.000Z,gps,-21.99544,-47.92688,862,3.00,11.64,204.3,gps [GPS],00:00:01,10.6,0.0,,,,false,15 / 19,233,2424.9,-,1.4,1.4,0.6,-,-,Car,15:47:48 BRT,15:47:48.000,41.90,26.04,97
-21.99548,-47.92690,866,2.36,2022-10-17T18:47:49.000Z,gps,-21.99555,-47.92693,862,3.00,12.79,202.4,gps [GPS],00:00:01,11.8,0.0,,,,false,15 / 19,234,2436.7,-,1.4,1.4,0.6,-,-,Car,15:47:49 BRT,15:47:49.000,46.04,28.61,97
-21.99559,-47.92695,865,2.36,2022-10-17T18:47:50.000Z,gps,-21.99565,-47.92698,861,3.00,13.70,203.1,gps [GPS],00:00:01,12.6,0.0,,,,false,16 / 19,235,2449.3,-,1.4,1.4,0.6,-,-,Car,15:47:50 BRT,15:47:50.000,49.32,30.65,97
-21.99570,-47.92700,865,2.36,2022-10-17T18:47:51.000Z,gps,-21.99577,-47.92703,861,3.00,13.97,203.7,gps [GPS],00:00:01,13.6,0.0,,,,false,16 / 19,236,2462.9,-,1.4,1.2,0.6,-,-,Car,15:47:51 BRT,15:47:51.000,50.29,31.25,97
-21.99582,-47.92705,865,2.36,2022-10-17T18:47:52.000Z,gps,-21.99589,-47.92709,861,3.00,14.03,203.4,gps [GPS],00:00:01,13.9,0.0,,,,false,16 / 18,237,2476.8,-,1.4,1.2,0.6,-,-,Car,15:47:52 BRT,15:47:52.000,50.51,31.38,97
-21.99593,-47.92711,865,2.36,2022-10-17T18:47:53.000Z,gps,-21.99600,-47.92714,861,3.00,14.29,204.4,gps [GPS],00:00:01,14.1,0.0,,,,false,16 / 18,238,2490.9,-,1.4,1.2,0.6,-,-,Car,15:47:53 BRT,15:47:53.000,51.44,31.97,97
-21.99605,-47.92716,864,2.36,2022-10-17T18:47:54.000Z,gps,-21.99612,-47.92720,860,3.00,14.50,204.2,gps [GPS],00:00:01,14.4,0.0,,,,false,16 / 19,239,2505.3,-,1.4,1.2,0.6,-,-,Car,15:47:54 BRT,15:47:54.000,52.20,32.44,97
-21.99617,-47.92722,864,2.36,2022-10-17T18:47:55.000Z,gps,-21.99624,-47.92726,860,3.00,14.46,204.6,gps [GPS],00:00:01,14.4,0.0,,,,false,16 / 19,240,2519.8,-,1.4,1.2,0.6,-,-,Car,15:47:55 BRT,15:47:55.000,52.06,32.35,97
-21.99629,-47.92728,864,2.36,2022-10-17T18:47:56.000Z,gps,-21.99636,-47.92732,860,3.00,13.50,204.5,gps [GPS],00:00:01,14.4,0.0,,,,false,16 / 19,241,2534.1,-,1.4,1.2,0.6,-,-,Car,15:47:56 BRT,15:47:56.000,48.60,30.20,97
-21.99639,-47.92733,863,2.36,2022-10-17T18:47:57.000Z,gps,-21.99646,-47.92736,859,3.00,11.31,204.0,gps [GPS],00:00:01,12.9,0.0,,,,false,16 / 19,242,2547.1,-,1.4,1.2,0.6,-,-,Car,15:47:57 BRT,15:47:57.000,40.72,25.30,97
-21.99648,-47.92738,863,2.36,2022-10-17T18:47:58.000Z,gps,-21.99653,-47.92740,859,3.00,7.89,203.3,gps [GPS],00:00:01,10.7,0.0,,,,false,16 / 18,243,2557.8,-,1.4,1.2,0.6,-,-,Car,15:47:58 BRT,15:47:58.000,28.40,17.65,97
-21.99653,-47.92740,862,2.76,2022-10-17T18:47:59.000Z,gps,-21.99658,-47.92743,858,4.00,3.75,203.2,gps [GPS],00:00:01,5.8,0.0,,,,false,16 / 19,244,2563.6,-,1.4,1.2,0.6,-,-,Car,15:47:59 BRT,15:47:59.000,13.50,8.39,97
-21.99660,-47.92744,862,2.88,2022-10-17T18:48:01.000Z,gps,-21.99664,-47.92746,858,4.00,5.17,205.5,gps [GPS],00:00:02,9.5,0.0,,,,false,15 / 18,246,2573.0,-,1.4,1.2,0.6,-,-,Car,15:48:01 BRT,15:48:01.000,18.61,11.56,97
-21.99666,-47.92747,862,2.43,2022-10-17T18:48:02.000Z,gps,-21.99669,-47.92748,858,3.00,7.00,208.4,gps [GPS],00:00:01,7.0,0.0,,,,false,16 / 18,247,2580.0,-,1.4,1.4,0.6,-,-,Car,15:48:02 BRT,15:48:02.000,25.20,15.66,97
-21.99672,-47.92750,861,2.37,2022-10-17T18:48:03.000Z,gps,-21.99675,-47.92752,857,3.00,8.39,211.6,gps [GPS],00:00:01,7.2,0.0,,,,false,16 / 18,248,2587.2,-,1.4,1.2,0.6,-,-,Car,15:48:03 BRT,15:48:03.000,30.20,18.77,97
-21.99679,-47.92755,860,1.77,2022-10-17T18:48:04.000Z,gps,-21.99681,-47.92756,856,2.00,8.58,216.4,gps [GPS],00:00:01,9.9,0.0,,,,false,16 / 18,249,2597.1,-,1.4,1.2,0.6,-,-,Car,15:48:04 BRT,15:48:04.000,30.89,19.19,97
-21.99685,-47.92759,860,1.73,2022-10-17T18:48:05.000Z,gps,-21.99687,-47.92761,856,2.00,7.06,216.0,gps [GPS],00:00:01,7.7,0.0,,,,false,16 / 18,250,2604.7,-,1.4,1.2,0.6,-,-,Car,15:48:05 BRT,15:48:05.000,25.42,15.79,96
-21.99689,-47.92763,860,1.73,2022-10-17T18:48:06.000Z,gps,-21.99691,-47.92764,856,2.00,5.07,212.8,gps [GPS],00:00:01,6.2,0.0,,,,false,16 / 19,251,2611.0,-,1.4,1.2,0.6,-,-,Car,15:48:06 BRT,15:48:06.000,18.25,11.34,96
-21.99694,-47.92766,859,2.74,2022-10-17T18:48:08.000Z,gps,-21.99696,-47.92767,855,4.00,1.59,203.3,gps [GPS],00:00:02,5.6,0.0,,,,false,16 / 19,253,2616.6,-,1.4,1.2,0.6,-,-,Car,15:48:08 BRT,15:48:08.000,5.72,3.56,96
-21.99699,-47.92768,859,2.37,2022-10-17T18:48:10.000Z,gps,-21.99701,-47.92769,855,3.00,2.76,203.5,gps [GPS],00:00:02,6.5,0.0,,,,false,16 / 20,255,2623.1,-,1.4,1.2,0.6,-,-,Car,15:48:10 BRT,15:48:10.000,9.94,6.17,96
-21.99705,-47.92771,858,2.86,2022-10-17T18:48:12.000Z,gps,-21.99709,-47.92772,854,4.00,6.83,203.4,gps [GPS],00:00:02,6.9,0.0,,,,false,16 / 19,257,2630.0,-,1.4,1.2,0.6,-,-,Car,15:48:12 BRT,15:48:12.000,24.59,15.28,96
-21.99710,-47.92773,858,2.88,2022-10-17T18:48:13.000Z,gps,-21.99715,-47.92776,854,4.00,8.76,212.1,gps [GPS],00:00:01,6.6,0.0,,,,false,16 / 19,258,2636.5,-,1.4,1.2,0.6,-,-,Car,15:48:13 BRT,15:48:13.000,31.54,19.60,96
-21.99718,-47.92779,858,2.43,2022-10-17T18:48:14.000Z,gps,-21.99722,-47.92782,854,3.00,10.16,222.4,gps [GPS],00:00:01,10.2,0.0,,,,false,16 / 19,259,2646.8,-,1.4,1.2,0.6,-,-,Car,15:48:14 BRT,15:48:14.000,36.58,22.73,96
-21.99724,-47.92785,857,2.37,2022-10-17T18:48:15.000Z,gps,-21.99728,-47.92789,853,3.00,10.24,225.5,gps [GPS],00:00:01,9.5,0.0,,,,false,16 / 19,260,2656.2,-,1.4,1.2,0.6,-,-,Car,15:48:15 BRT,15:48:15.000,36.86,22.91,96
-21.99730,-47.92791,856,2.36,2022-10-17T18:48:16.000Z,gps,-21.99734,-47.92795,852,3.00,10.20,215.5,gps [GPS],00:00:01,9.7,0.0,,,,false,16 / 18,261,2665.9,-,1.4,1.2,0.6,-,-,Car,15:48:16 BRT,15:48:16.000,36.72,22.82,96
-21.99738,-47.92796,856,2.36,2022-10-17T18:48:17.000Z,gps,-21.99742,-47.92800,852,3.00,10.30,199.0,gps [GPS],00:00:01,9.6,0.0,,,,false,16 / 18,262,2675.5,-,1.4,1.2,0.6,-,-,Car,15:48:17 BRT,15:48:17.000,37.08,23.04,96
-21.99746,-47.92800,855,2.36,2022-10-17T18:48:18.000Z,gps,-21.99751,-47.92802,851,3.00,9.26,186.4,gps [GPS],00:00:01,9.4,0.0,,,,false,16 / 19,263,2684.9,-,1.4,1.2,0.6,-,-,Car,15:48:18 BRT,15:48:18.000,33.34,20.71,96
-21.99753,-47.92800,855,2.76,2022-10-17T18:48:19.000Z,gps,-21.99760,-47.92800,851,4.00,10.72,170.1,gps [GPS],00:00:01,7.6,0.0,,,,false,16 / 19,264,2692.5,-,1.4,1.2,0.6,-,-,Car,15:48:19 BRT,15:48:19.000,38.59,23.98,96
-21.99764,-47.92800,854,2.42,2022-10-17T18:48:20.000Z,gps,-21.99770,-47.92799,850,3.00,11.03,173.7,gps [GPS],00:00:01,12.9,0.0,,,,false,16 / 18,265,2705.5,-,1.4,1.2,0.6,-,-,Car,15:48:20 BRT,15:48:20.000,39.71,24.67,96
-21.99775,-47.92800,853,2.37,2022-10-17T18:48:21.000Z,gps,-21.99781,-47.92800,849,3.00,11.55,180.7,gps [GPS],00:00:01,11.5,0.0,,,,false,16 / 18,266,2717.0,-,1.4,1.2,0.6,-,-,Car,15:48:21 BRT,15:48:21.000,41.58,25.84,96
-21.99785,-47.92803,853,2.36,2022-10-17T18:48:22.000Z,gps,-21.99792,-47.92804,849,3.00,13.28,201.7,gps [GPS],00:00:01,12.4,0.0,,,,false,16 / 18,267,2729.3,-,1.4,1.2,0.6,-,-,Car,15:48:22 BRT,15:48:22.000,47.81,29.71,96
-21.99797,-47.92807,852,2.36,2022-10-17T18:48:23.000Z,gps,-21.99804,-47.92809,848,3.00,14.24,205.9,gps [GPS],00:00:01,13.2,0.0,,,,false,15 / 18,268,2742.5,-,1.4,1.2,0.6,-,-,Car,15:48:23 BRT,15:48:23.000,51.26,31.85,96
-21.99809,-47.92812,851,2.36,2022-10-17T18:48:24.000Z,gps,-21.99816,-47.92815,847,3.00,14.53,204.8,gps [GPS],00:00:01,14.1,0.0,,,,false,15 / 18,269,2756.7,-,1.4,1.4,0.6,-,-,Car,15:48:24 BRT,15:48:24.000,52.31,32.50,96
-21.99821,-47.92817,850,2.36,2022-10-17T18:48:25.000Z,gps,-21.99828,-47.92820,846,3.00,15.20,204.1,gps [GPS],00:00:01,14.7,0.0,,,,false,16 / 18,270,2771.4,-,1.4,1.4,0.6,-,-,Car,15:48:25 BRT,15:48:25.000,54.72,34.00,96
-21.99833,-47.92823,849,2.36,2022-10-17T18:48:26.000Z,gps,-21.99841,-47.92827,845,3.00,15.39,204.6,gps [GPS],00:00:01,15.2,0.0,,,,false,16 / 18,271,2786.6,-,1.4,1.2,0.6,-,-,Car,15:48:26 BRT,15:48:26.000,55.40,34.43,96
-21.99846,-47.92829,848,2.36,2022-10-17T18:48:27.000Z,gps,-21.99854,-47.92833,844,3.00,15.62,204.6,gps [GPS],00:00:01,15.3,0.0,,,,false,16 / 18,272,2801.9,-,1.4,1.2,0.6,-,-,Car,15:48:27 BRT,15:48:27.000,56.23,34.94,96
-21.99859,-47.92835,847,2.36,2022-10-17T18:48:28.000Z,gps,-21.99867,-47.92839,843,3.00,16.01,203.7,gps [GPS],00:00:01,15.6,0.0,,,,false,16 / 18,273,2817.5,-,1.4,1.2,0.6,-,-,Car,15:48:28 BRT,15:48:28.000,57.64,35.81,96
-21.99872,-47.92841,846,2.36,2022-10-17T18:48:29.000Z,gps,-21.99880,-47.92845,842,3.00,16.37,204.2,gps [GPS],00:00:01,16.2,0.0,,,,false,16 / 19,274,2833.6,-,1.4,1.2,0.6,-,-,Car,15:48:29 BRT,15:48:29.000,58.93,36.62,96
-21.99886,-47.92848,845,2.36,2022-10-17T18:48:30.000Z,gps,-21.99894,-47.92852,841,3.00,16.67,204.4,gps [GPS],00:00:01,16.5,0.0,,,,false,16 / 19,275,2850.1,-,1.4,1.2,0.6,-,-,Car,15:48:30 BRT,15:48:30.000,60.01,37.29,96
-21.99899,-47.92854,845,2.36,2022-10-17T18:48:31.000Z,gps,-21.99908,-47.92859,841,3.00,16.77,204.7,gps [GPS],00:00:01,16.7,0.0,,,,false,16 / 19,276,2866.8,-,1.4,1.2,0.6,-,-,Car,15:48:31 BRT,15:48:31.000,60.37,37.51,96
-21.99917,-47.92863,844,1.77,2022-10-17T18:48:32.000Z,gps,-21.99922,-47.92865,840,2.00,16.84,205.1,gps [GPS],00:00:01,21.4,0.0,,,,false,15 / 19,277,2888.3,-,1.4,1.2,0.6,-,-,Car,15:48:32 BRT,15:48:32.000,60.62,37.67,96
-21.99928,-47.92868,844,2.27,2022-10-17T18:48:33.000Z,gps,-21.99936,-47.92872,840,3.00,16.77,204.7,gps [GPS],00:00:01,13.1,0.0,,,,false,16 / 19,278,2901.3,-,1.4,1.4,0.6,-,-,Car,15:48:33 BRT,15:48:33.000,60.37,37.51,96
-21.99941,-47.92874,844,2.35,2022-10-17T18:48:34.000Z,gps,-21.99949,-47.92878,840,3.00,16.77,204.2,gps [GPS],00:00:01,16.2,0.0,,,,false,16 / 19,279,2917.5,-,1.4,1.2,0.6,-,-,Car,15:48:34 BRT,15:48:34.000,60.37,37.51,96
-21.99955,-47.92881,843,2.36,2022-10-17T18:48:35.000Z,gps,-21.99963,-47.92885,839,3.00,16.45,205.1,gps [GPS],00:00:01,16.8,0.0,,,,false,15 / 18,280,2934.3,-,1.4,1.2,0.6,-,-,Car,15:48:35 BRT,15:48:35.000,59.22,36.80,96
-21.99968,-47.92888,844,2.36,2022-10-17T18:48:36.000Z,gps,-21.99977,-47.92892,840,3.00,15.97,204.4,gps [GPS],00:00:01,16.6,0.0,,,,false,16 / 19,281,2950.9,-,1.4,1.4,0.6,-,-,Car,15:48:36 BRT,15:48:36.000,57.49,35.72,96
-21.99981,-47.92894,844,2.36,2022-10-17T18:48:37.000Z,gps,-21.99990,-47.92898,840,3.00,15.48,204.8,gps [GPS],00:00:01,16.1,0.0,,,,false,16 / 19,282,2967.0,-,1.4,1.2,0.6,-,-,Car,15:48:37 BRT,15:48:37.000,55.73,34.63,96
-21.99994,-47.92900,845,2.36,2022-10-17T18:48:38.000Z,gps,-22.00002,-47.92904,841,3.00,14.76,205.1,gps [GPS],00:00:01,15.5,0.0,,,,false,16 / 19,283,2982.5,-,1.4,1.2,0.6,-,-,Car,15:48:38 BRT,15:48:38.000,53.14,33.02,96
-22.00006,-47.92906,845,2.36,2022-10-17T18:48:39.000Z,gps,-22.00014,-47.92910,841,3.00,13.83,204.0,gps [GPS],00:00:01,14.6,0.0,,,,false,14 / 19,284,2997.1,-,1.4,1.2,0.6,-,-,Car,15:48:39 BRT,15:48:39.000,49.79,30.94,96
-22.00017,-47.92912,846,2.36,2022-10-17T18:48:40.000Z,gps,-22.00024,-47.92915,842,3.00,12.64,205.4,gps [GPS],00:00:01,13.6,0.0,,,,false,15 / 18,285,3010.6,-,1.6,1.6,0.6,-,-,Car,15:48:40 BRT,15:48:40.000,45.50,28.27,96
-22.00028,-47.92917,846,2.36,2022-10-17T18:48:41.000Z,gps,-22.00034,-47.92920,842,3.00,12.18,205.0,gps [GPS],00:00:01,12.7,0.0,,,,false,16 / 18,286,3023.3,-,1.4,1.4,0.6,-,-,Car,15:48:41 BRT,15:48:41.000,43.85,27.25,96
-22.00037,-47.92922,846,2.36,2022-10-17T18:48:42.000Z,gps,-22.00043,-47.92925,842,3.00,11.58,206.9,gps [GPS],00:00:01,11.9,0.0,,,,false,14 / 17,287,3035.2,-,1.4,1.2,0.6,-,-,Car,15:48:42 BRT,15:48:42.000,41.69,25.90,96
-22.00046,-47.92927,846,2.36,2022-10-17T18:48:43.000Z,gps,-22.00052,-47.92930,842,3.00,10.98,208.3,gps [GPS],00:00:01,11.3,0.0,,,,false,15 / 18,288,3046.5,-,1.4,1.4,0.6,-,-,Car,15:48:43 BRT,15:48:43.000,39.53,24.56,96
-22.00055,-47.92932,846,2.36,2022-10-17T18:48:44.000Z,gps,-22.00060,-47.92936,842,3.00,10.50,212.1,gps [GPS],00:00:01,10.9,0.0,,,,false,16 / 18,289,3057.4,-,1.4,1.4,0.6,-,-,Car,15:48:44 BRT,15:48:44.000,37.80,23.49,96
-22.00063,-47.92938,845,2.36,2022-10-17T18:48:45.000Z,gps,-22.00068,-47.92941,841,3.00,10.41,213.8,gps [GPS],00:00:01,10.7,0.0,,,,false,15 / 18,290,3068.1,-,1.4,1.2,0.6,-,-,Car,15:48:45 BRT,15:48:45.000,37.48,23.29,96
-22.00071,-47.92942,845,2.36,2022-10-17T18:48:46.000Z,gps,-22.00076,-47.92945,841,3.00,10.56,197.8,gps [GPS],00:00:01,10.5,0.0,,,,false,16 / 18,291,3078.6,-,1.4,1.4,0.6,-,-,Car,15:48:46 BRT,15:48:46.000,38.02,23.62,96
-22.00080,-47.92946,845,2.36,2022-10-17T18:48:47.000Z,gps,-22.00086,-47.92948,841,3.00,11.08,195.5,gps [GPS],00:00:01,10.8,0.0,,,,false,16 / 18,292,3089.4,-,1.4,1.2,0.6,-,-,Car,15:48:47 BRT,15:48:47.000,39.89,24.79,96
-22.00090,-47.92949,846,2.36,2022-10-17T18:48:48.000Z,gps,-22.00096,-47.92951,842,3.00,11.58,201.9,gps [GPS],00:00:01,11.1,0.0,,,,false,15 / 17,293,3100.5,-,1.4,1.2,0.6,-,-,Car,15:48:48 BRT,15:48:48.000,41.69,25.90,96
-22.00099,-47.92953,846,2.36,2022-10-17T18:48:49.000Z,gps,-22.00105,-47.92956,842,3.00,11.94,204.6,gps [GPS],00:00:01,11.5,0.0,,,,false,16 / 18,294,3112.0,-,1.4,1.4,0.6,-,-,Car,15:48:49 BRT,15:48:49.000,42.98,26.71,96
-22.00109,-47.92958,846,2.36,2022-10-17T18:48:50.000Z,gps,-22.00115,-47.92961,842,3.00,12.42,204.9,gps [GPS],00:00:01,12.1,0.0,,,,false,16 / 17,295,3124.1,-,1.4,1.2,0.6,-,-,Car,15:48:50 BRT,15:48:50.000,44.71,27.78,96
-22.00120,-47.92963,847,2.36,2022-10-17T18:48:51.000Z,gps,-22.00126,-47.92966,843,3.00,12.81,203.7,gps [GPS],00:00:01,12.6,0.0,,,,false,15 / 18,296,3136.6,-,1.4,1.2,0.6,-,-,Car,15:48:51 BRT,15:48:51.000,46.12,28.66,96
-22.00130,-47.92968,848,2.36,2022-10-17T18:48:52.000Z,gps,-22.00136,-47.92972,844,3.00,12.83,204.3,gps [GPS],00:00:01,12.7,0.0,,,,false,15 / 17,297,3149.3,-,1.4,1.4,0.6,-,-,Car,15:48:52 BRT,15:48:52.000,46.19,28.70,96
-22.00140,-47.92973,848,2.36,2022-10-17T18:48:53.000Z,gps,-22.00147,-47.92977,844,3.00,12.29,205.1,gps [GPS],00:00:01,12.5,0.0,,,,false,16 / 18,298,3161.8,-,1.4,1.2,0.6,-,-,Car,15:48:53 BRT,15:48:53.000,44.24,27.49,96
-22.00150,-47.92979,848,2.36,2022-10-17T18:48:54.000Z,gps,-22.00156,-47.92982,844,3.00,11.96,204.9,gps [GPS],00:00:01,12.2,0.0,,,,false,16 / 18,299,3174.0,-,1.4,1.2,0.6,-,-,Car,15:48:54 BRT,15:48:54.000,43.06,26.75,96
-22.00160,-47.92984,848,2.36,2022-10-17T18:48:55.000Z,gps,-22.00166,-47.92987,844,3.00,11.64,204.8,gps [GPS],00:00:01,11.9,0.0,,,,false,16 / 18,300,3186.0,-,1.4,1.2,0.6,-,-,Car,15:48:55 BRT,15:48:55.000,41.90,26.04,96
-22.00172,-47.92990,848,1.77,2022-10-17T18:48:56.000Z,gps,-22.00175,-47.92991,844,2.00,11.40,204.8,gps [GPS],00:00:01,14.9,0.0,,,,false,16 / 18,301,3200.8,-,1.4,1.2,0.6,-,-,Car,15:48:56 BRT,15:48:56.000,41.04,25.50,96
-22.00182,-47.92994,848,1.73,2022-10-17T18:48:57.000Z,gps,-22.00185,-47.92996,844,2.00,11.20,204.4,gps [GPS],00:00:01,11.7,0.0,,,,false,16 / 18,302,3212.5,-,1.4,1.2,0.6,-,-,Car,15:48:57 BRT,15:48:57.000,40.32,25.05,96
-22.00191,-47.92998,848,1.73,2022-10-17T18:48:58.000Z,gps,-22.00194,-47.93000,844,2.00,10.97,204.7,gps [GPS],00:00:01,11.1,0.0,,,,false,16 / 18,303,3223.6,-,1.4,1.2,0.6,-,-,Car,15:48:58 BRT,15:48:58.000,39.49,24.54,96
-22.00200,-47.93003,848,1.73,2022-10-17T18:48:59.000Z,gps,-22.00203,-47.93004,844,2.00,10.83,203.9,gps [GPS],00:00:01,11.2,0.0,,,,false,16 / 18,304,3234.8,-,1.4,1.2,0.6,-,-,Car,15:48:59 BRT,15:48:59.000,38.99,24.23,96
-22.00209,-47.93007,848,1.73,2022-10-17T18:49:00.000Z,gps,-22.00212,-47.93009,844,2.00,10.31,203.4,gps [GPS],00:00:01,11.0,0.0,,,,false,16 / 18,305,3245.7,-,1.4,1.2,0.6,-,-,Car,15:49:00 BRT,15:49:00.000,37.12,23.06,96
-22.00217,-47.93011,848,1.73,2022-10-17T18:49:01.000Z,gps,-22.00220,-47.93012,844,2.00,8.55,203.7,gps [GPS],00:00:01,9.8,0.0,,,,false,16 / 18,306,3255.5,-,1.4,1.2,0.6,-,-,Car,15:49:01 BRT,15:49:01.000,30.78,19.13,96
-22.00224,-47.93014,848,1.73,2022-10-17T18:49:02.000Z,gps,-22.00226,-47.93015,844,2.00,7.02,204.5,gps [GPS],00:00:01,8.1,0.0,,,,false,16 / 18,307,3263.6,-,1.4,1.2,0.6,-,-,Car,15:49:02 BRT,15:49:02.000,25.27,15.70,96
-22.00229,-47.93017,848,1.73,2022-10-17T18:49:03.000Z,gps,-22.00231,-47.93018,844,2.00,6.44,204.3,gps [GPS],00:00:01,7.1,0.0,,,,false,16 / 18,308,3270.7,-,1.4,1.2,0.6,-,-,Car,15:49:03 BRT,15:49:03.000,23.18,14.41,96
-22.00235,-47.93020,848,1.73,2022-10-17T18:49:04.000Z,gps,-22.00237,-47.93021,844,2.00,6.53,204.5,gps [GPS],00:00:01,6.7,0.0,,,,false,16 / 18,309,3277.4,-,1.4,1.2,0.6,-,-,Car,15:49:04 BRT,15:49:04.000,23.51,14.61,96
-22.00239,-47.93022,848,2.27,2022-10-17T18:49:05.000Z,gps,-22.00242,-47.93023,844,3.00,6.71,203.8,gps [GPS],00:00:01,5.1,0.0,,,,false,16 / 18,310,3282.6,-,1.4,1.2,0.6,-,-,Car,15:49:05 BRT,15:49:05.000,24.16,15.01,96
-22.00245,-47.93024,848,2.35,2022-10-17T18:49:06.000Z,gps,-22.00248,-47.93026,844,3.00,6.68,203.5,gps [GPS],00:00:01,6.6,0.0,,,,false,16 / 18,311,3289.2,-,1.4,1.2,0.6,-,-,Car,15:49:06 BRT,15:49:06.000,24.05,14.94,96
-22.00250,-47.93027,849,2.36,2022-10-17T18:49:07.000Z,gps,-22.00254,-47.93028,845,3.00,7.28,203.7,gps [GPS],00:00:01,6.9,0.0,,,,false,16 / 18,312,3296.1,-,1.4,1.2,0.6,-,-,Car,15:49:07 BRT,15:49:07.000,26.21,16.28,96
-22.00256,-47.93030,849,2.36,2022-10-17T18:49:08.000Z,gps,-22.00260,-47.93031,845,3.00,7.85,203.7,gps [GPS],00:00:01,7.3,0.0,,,,false,16 / 18,313,3303.4,-,1.4,1.2,0.6,-,-,Car,15:49:08 BRT,15:49:08.000,28.26,17.56,96
-22.00263,-47.93032,849,2.36,2022-10-17T18:49:09.000Z,gps,-22.00266,-47.93034,845,3.00,7.29,203.0,gps [GPS],00:00:01,7.3,0.0,,,,false,15 / 18,314,3310.7,-,1.4,1.2,0.6,-,-,Car,15:49:09 BRT,15:49:09.000,26.24,16.31,96
-22.00269,-47.93035,849,2.36,2022-10-17T18:49:10.000Z,gps,-22.00272,-47.93036,845,3.00,7.03,204.5,gps [GPS],00:00:01,7.2,0.0,,,,false,15 / 18,315,3318.0,-,1.4,1.4,0.6,-,-,Car,15:49:10 BRT,15:49:10.000,25.31,15.73,96
-22.00276,-47.93038,848,1.77,2022-10-17T18:49:11.000Z,gps,-22.00278,-47.93039,844,2.00,6.73,205.0,gps [GPS],00:00:01,9.2,0.0,,,,false,16 / 18,316,3327.2,-,1.4,1.4,0.6,-,-,Car,15:49:11 BRT,15:49:11.000,24.23,15.05,96
-22.00282,-47.93041,848,1.73,2022-10-17T18:49:12.000Z,gps,-22.00284,-47.93042,844,2.00,6.56,203.8,gps [GPS],00:00:01,6.8,0.0,,,,false,16 / 18,317,3334.0,-,1.4,1.2,0.6,-,-,Car,15:49:12 BRT,15:49:12.000,23.62,14.67,96
-22.00287,-47.93044,848,1.73,2022-10-17T18:49:13.000Z,gps,-22.00289,-47.93045,844,2.00,5.53,201.1,gps [GPS],00:00:01,6.2,0.0,,,,false,16 / 18,318,3340.2,-,1.4,1.2,0.6,-,-,Car,15:49:13 BRT,15:49:13.000,19.91,12.37,96
-22.00291,-47.93046,847,1.73,2022-10-17T18:49:14.000Z,gps,-22.00293,-47.93046,843,2.00,4.37,196.8,gps [GPS],00:00:01,5.2,0.0,,,,false,16 / 18,319,3345.4,-,1.4,1.2,0.6,-,-,Car,15:49:14 BRT,15:49:14.000,15.73,9.78,96
-22.00297,-47.93048,848,2.35,2022-10-17T18:49:16.000Z,gps,-22.00299,-47.93049,844,3.00,2.94,210.2,gps [GPS],00:00:02,6.6,0.0,,,,false,16 / 19,321,3352.0,-,1.4,1.2,0.6,-,-,Car,15:49:16 BRT,15:49:16.000,10.58,6.58,96
-22.00298,-47.93054,848,2.42,2022-10-17T18:49:19.000Z,gps,-22.00298,-47.93056,844,3.00,1.69,312.9,gps [GPS],00:00:03,7.1,0.0,,,,false,16 / 19,324,3359.1,-,1.4,1.2,0.6,-,-,Car,15:49:19 BRT,15:49:19.000,6.08,3.78,96
-22.00297,-47.93056,848,2.86,2022-10-17T18:49:34.000Z,gps,-22.00297,-47.93056,844,4.00,0.00,0.0,gps [GPS],00:00:15,2.1,0.0,,,,false,16 / 22,340,3361.3,-,1.4,1.2,0.6,-,-,Car,15:49:34 BRT,15:49:34.000,0.00,0.00,96
