1666031871488	-22.011383953504264	-47.8925075288862	0.20999999344348907
1666031872502	-22.011480890214443	-47.892488250508904	0.29999998211860657
1666031873437	-22.011488350108266	-47.89247182197869	0.8199999928474426
1666031874426	-22.01151684857905	-47.89249629713595	1.3899999856948853
1666031875466	-22.011489691212773	-47.89254675619304	0.7199999690055847
1666031875775	-22.01138512697071	-47.89254072122276	0.6499999761581421
1666031877451	-22.01139392796904	-47.89254667237401	0.0
1666031878474	-22.011394263245165	-47.89254667237401	0.0
1666031879467	-22.011394347064197	-47.892546923831105	0.0
1666031880482	-22.011394347064197	-47.892546923831105	0.0
1666031881427	-22.011394347064197	-47.892546923831105	0.0
1666031882416	-22.011394347064197	-47.892546923831105	0.0
1666031883430	-22.011394347064197	-47.892546923831105	0.0
1666031884432	-22.011394347064197	-47.892546923831105	0.0
1666031885459	-22.011394347064197	-47.892546923831105	0.0
1666031886478	-22.011394347064197	-47.892546923831105	0.0
1666031887487	-22.011394347064197	-47.892546923831105	0.0
1666031888499	-22.011399124749005	-47.89255438372493	0.4399999976158142
1666031889433	-22.011408009566367	-47.89256075397134	0.8899999856948853
1666031890474	-22.011416517198086	-47.89256921969354	1.3199999332427979
1666031891483	-22.011424312368035	-47.892582630738616	2.2899999618530273
1666031892463	-22.011426659300923	-47.89260442368686	2.25
1666031893490	-22.011426449753344	-47.89263987913728	4.549999713897705
1666031894487	-22.0114287128672	-47.89268983528018	5.440000057220459
1666031895494	-22.011433825828135	-47.892735516652465	5.46999979019165
1666031896404	-22.011437346227467	-47.89279377087951	5.549999713897705
1666031897477	-22.01144610531628	-47.89285412058234	6.699999809265137
1666031898476	-22.011448703706264	-47.892932994291186	9.0
1666031899452	-22.011451511643827	-47.89303273893893	10.029999732971191
1666031900459	-22.011454361490905	-47.89313265122473	10.210000038146973
1666031901455	-22.011450505815446	-47.893226109445095	10.429999351501465
1666031902454	-22.01144866179675	-47.89332954213023	11.050000190734863
1666031903464	-22.01144954189658	-47.89343984797597	11.219999313354492
1666031904514	-22.0114477397874	-47.89354738779366	11.149999618530273
1666031905474	-22.011445476673543	-47.893653670325875	10.779999732971191
1666031906450	-22.011443716473877	-47.89375836029649	10.869999885559082
1666031907455	-22.011441327631474	-47.893860870972276	10.899999618530273
1666031908458	-22.01144074089825	-47.89396941661835	11.059999465942383
1666031909474	-22.011443632654846	-47.89407947100699	11.109999656677246
1666031910510	-22.011447153054178	-47.89419044740498	11.139999389648438
1666031911515	-22.011448871344328	-47.89429840631783	11.210000038146973
1666031912515	-22.011450924910605	-47.89440820924938	11.279999732971191
1666031913463	-22.011452224105597	-47.89451868273318	11.300000190734863
1666031914442	-22.01144945807755	-47.8946210257709	10.139999389648438
1666031915440	-22.011451553553343	-47.89469562470913	6.309999942779541
1666031916458	-22.011453146114945	-47.89474507793784	3.1599998474121094
1666031917441	-22.011452266015112	-47.89476150646806	0.5099999904632568
1666031918499	-22.011455912142992	-47.8947610873729	0.38999998569488525
1666031919510	-22.011455995962024	-47.89476100355387	0.019999999552965164
1666031920420	-22.01145603787154	-47.8947610873729	0.0
1666031921446	-22.011456079781055	-47.89476100355387	0.0
1666031922420	-22.011456079781055	-47.89476100355387	0.0
1666031923418	-22.011456079781055	-47.89476100355387	0.0
1666031924455	-22.011456079781055	-47.89476100355387	0.0
1666031925468	-22.011456079781055	-47.89476100355387	0.0
1666031926454	-22.011456079781055	-47.89476100355387	0.0
1666031927442	-22.011456079781055	-47.89476100355387	0.0
1666031928454	-22.011456079781055	-47.89476100355387	0.0
1666031929456	-22.011456079781055	-47.89476100355387	0.0
1666031930465	-22.011456079781055	-47.89476100355387	0.0
1666031931467	-22.011456079781055	-47.89476100355387	0.0
1666031932498	-22.011456079781055	-47.89476100355387	0.0
1666031933448	-22.011456079781055	-47.89476100355387	0.0
1666031934459	-22.011456079781055	-47.89476100355387	0.0
1666031935466	-22.011456079781055	-47.89476100355387	0.0
1666031936454	-22.011456079781055	-47.89476100355387	0.0
1666031937465	-22.011456079781055	-47.89476100355387	0.0
1666031938508	-22.011456079781055	-47.89476100355387	0.0
1666031939513	-22.011456079781055	-47.89476100355387	0.0
1666031940457	-22.011456079781055	-47.89476100355387	0.0
1666031941453	-22.011456079781055	-47.89476100355387	0.0
1666031942445	-22.011456079781055	-47.89476100355387	0.0
1666031943453	-22.011456079781055	-47.89476100355387	0.0
1666031944486	-22.011456079781055	-47.89476100355387	0.0
1666031945503	-22.011456079781055	-47.89476100355387	0.0
1666031946455	-22.011456079781055	-47.89476100355387	0.0
1666031947468	-22.011456079781055	-47.89476100355387	0.0
1666031948441	-22.011456079781055	-47.89476100355387	0.0
1666031949483	-22.011456079781055	-47.89476100355387	0.0
1666031950472	-22.011456079781055	-47.89476100355387	0.0
1666031951493	-22.01145834289491	-47.894767792895436	1.0199999809265137
1666031952530	-22.01146391686052	-47.89478070102632	1.309999942779541
1666031953452	-22.011468149721622	-47.89480526000261	2.929999828338623
1666031954509	-22.01145897153765	-47.89485555142164	5.900000095367432
1666031955454	-22.011446985416114	-47.894929898902774	7.259999752044678
1666031956445	-22.01144560240209	-47.89501271210611	8.399999618530273
1666031957417	-22.01144367456436	-47.895099045708776	9.079999923706055
1666031958410	-22.011442543007433	-47.895194264128804	9.729999542236328
1666031959415	-22.01144308783114	-47.89529241621494	9.789999961853027
1666031960414	-22.011446398682892	-47.89539283141494	10.09000015258789
1666031961430	-22.01144551858306	-47.89549559354782	10.239999771118164
1666031962420	-22.011445644311607	-47.89559978060424	10.519999504089355
1666031963420	-22.01144551858306	-47.89570807479322	11.170000076293945
1666031964449	-22.011446482501924	-47.89581812918186	11.279999732971191
1666031965403	-22.011447488330305	-47.89592835120857	11.219999313354492
1666031966416	-22.011444638483226	-47.89603848941624	11.420000076293945
1666031967404	-22.01144329737872	-47.89615223184228	11.389999389648438
1666031968416	-22.01144216582179	-47.89626228623092	11.079999923706055
1666031969401	-22.011441914364696	-47.89636781439185	10.6899995803833
1666031970411	-22.011442249640822	-47.89646839722991	9.739999771118164
1666031971443	-22.011444931849837	-47.89656009525061	8.889999389648438
1666031972405	-22.01144530903548	-47.89664056152105	7.569999694824219
1666031973431	-22.01144652441144	-47.89670401252806	6.37999963760376
1666031974419	-22.011431688442826	-47.8967538010329	5.21999979019165
1666031975404	-22.011400256305933	-47.89679084904492	5.559999942779541
1666031976434	-22.01134506147355	-47.89681683294475	6.62999963760376
1666031977410	-22.011280520819128	-47.89682102389634	7.899999618530273
1666031978418	-22.011206676252186	-47.89682060480118	8.929999351501465
1666031979433	-22.01112377922982	-47.896825885400176	9.9399995803833
1666031980431	-22.0110306981951	-47.89683242328465	10.219999313354492
1666031981452	-22.010928983800113	-47.89683812297881	11.569999694824219
1666031982462	-22.010820186696947	-47.89684315212071	11.949999809265137
1666031983438	-22.01071390416473	-47.89684566669166	11.679999351501465
1666031984400	-22.01061235740781	-47.896846421062946	10.960000038146973
1666031985410	-22.01051600743085	-47.896847845986485	10.309999465942383
1666031986433	-22.010427871719003	-47.89684809744358	9.210000038146973
1666031987433	-22.010355074889958	-47.89685346186161	7.489999771118164
1666031988490	-22.010294306091964	-47.89686821401119	7.089999675750732
1666031989484	-22.010230687446892	-47.8968851454556	7.239999771118164
1666031990524	-22.010166230611503	-47.89690853096545	7.480000019073486
1666031991450	-22.01010483317077	-47.89694247767329	7.889999866485596
1666031992431	-22.010035975836217	-47.89699796587229	8.619999885559082
1666031993426	-22.009968124330044	-47.897072061896324	10.739999771118164
1666031994431	-22.00989096891135	-47.89714205078781	10.9399995803833
1666031995487	-22.009809496812522	-47.89720726199448	10.809999465942383
1666031996456	-22.00973485596478	-47.89726769551635	9.510000228881836
1666031997490	-22.00966323260218	-47.89732695557177	9.769999504089355
1666031998451	-22.00959169305861	-47.89739049039781	10.119999885559082
1666031999444	-22.00952694285661	-47.897449834272265	8.809999465942383
1666032000420	-22.00947434641421	-47.89749543182552	6.599999904632568
1666032001472	-22.009428832679987	-47.8975326474756	6.37999963760376
1666032002481	-22.00938264839351	-47.8975725453347	6.929999828338623
1666032003498	-22.009328082203865	-47.897614035755396	8.220000267028809
1666032004503	-22.009261697530746	-47.897670194506645	9.559999465942383
1666032005455	-22.0091846678406	-47.89773314259946	10.729999542236328
1666032006422	-22.00910424347967	-47.8977987729013	10.920000076293945
1666032007487	-22.009013760834932	-47.89786381646991	11.779999732971191
1666032008490	-22.008918249048293	-47.89792735129595	11.869999885559082
1666032009487	-22.008834346197546	-47.898003458976746	12.59000015258789
1666032010494	-22.008752287365496	-47.89809130132198	12.949999809265137
1666032011520	-22.00867324601859	-47.89818065240979	12.559999465942383
1666032012475	-22.008592360652983	-47.89825919084251	11.09000015258789
1666032013460	-22.00851742643863	-47.89832649752498	10.420000076293945
1666032014481	-22.00845267623663	-47.898386009037495	8.710000038146973
1666032015505	-22.008398110046983	-47.898442754521966	8.569999694824219
1666032016517	-22.008338975720108	-47.89850302040577	9.519999504089355
1666032017520	-22.00826244894415	-47.898574182763696	12.15999984741211
1666032018416	-22.008166392333806	-47.89864961989224	14.029999732971191
1666032019441	-22.0080596068874	-47.89872195571661	14.50999927520752
1666032020436	-22.007952737621963	-47.8987951297313	14.40999984741211
1666032021455	-22.007847209461033	-47.898876266554	14.1899995803833
1666032022460	-22.0077453693375	-47.89895463734865	13.549999237060547
1666032023424	-22.00765371322632	-47.899030996486545	13.15999984741211
1666032024385	-22.007561679929495	-47.89910500869155	12.389999389648438
1666032025447	-22.007474759593606	-47.8991611674428	10.9399995803833
1666032026446	-22.0073827682063	-47.89918530732393	10.229999542236328
1666032027448	-22.00728226918727	-47.899182541295886	11.0
1666032028470	-22.007172130979598	-47.89917256683111	13.229999542236328
1666032029487	-22.00704795308411	-47.89915530011058	13.619999885559082
1666032030509	-22.00692859478295	-47.89913778193295	13.039999961853027
1666032031525	-22.0068206358701	-47.899121437221766	11.899999618530273
1666032032518	-22.006719927303493	-47.89911196567118	10.989999771118164
1666032033483	-22.006628774106503	-47.899120934307575	10.699999809265137
1666032034449	-22.006532759405673	-47.89916351437569	11.119999885559082
1666032035455	-22.00644789263606	-47.89922730065882	11.679999351501465
1666032036432	-22.006356068886817	-47.89931111969054	13.529999732971191
1666032037465	-22.006257330067456	-47.89940977469087	15.339999198913574
1666032038471	-22.006155364215374	-47.89951052516699	15.09999942779541
1666032039458	-22.00605302117765	-47.89960800670087	15.109999656677246
1666032040489	-22.0059477025643	-47.899704817682505	14.779999732971191
1666032041480	-22.00584703590721	-47.899798192083836	14.359999656677246
1666032042497	-22.005750183016062	-47.899889554828405	14.179999351501465
1666032043527	-22.00565902981907	-47.89997739717364	13.920000076293945
1666032044444	-22.00556666124612	-47.90006708353758	13.719999313354492
1666032045464	-22.005480243824422	-47.90016104467213	13.359999656677246
1666032046434	-22.005399777553976	-47.90025492198765	12.899999618530273
1666032047455	-22.005321909673512	-47.90033262223005	12.1899995803833
1666032048477	-22.005234276875854	-47.90040671825409	12.229999542236328
1666032049475	-22.00514253694564	-47.9004717618227	11.899999618530273
1666032050523	-22.005052557215095	-47.900521298870444	11.25
1666032051415	-22.004970288835466	-47.900572093203664	10.40999984741211
1666032052435	-22.00488969683647	-47.90061442181468	9.800000190734863
1666032053431	-22.00481878593564	-47.90065549314022	8.899999618530273
1666032054447	-22.004749425686896	-47.900687428191304	7.869999885559082
1666032055520	-22.0046870643273	-47.90070771239698	6.739999771118164
1666032056517	-22.004634216427803	-47.90072288364172	5.299999713897705
1666032057534	-22.004597755149007	-47.90073595941067	3.7300000190734863
1666032058469	-22.004572483710945	-47.90074283257127	2.119999885559082
1666032059459	-22.00455999467522	-47.900745095685124	0.7599999904632568
1666032060466	-22.004559617489576	-47.900744760409	0.019999999552965164
1666032061476	-22.00456322170794	-47.90074492804706	0.08999999612569809
1666032062487	-22.004563556984067	-47.90074501186609	0.0
1666032063491	-22.004563556984067	-47.90074501186609	0.0
1666032064463	-22.004563556984067	-47.90074501186609	0.0
1666032065446	-22.004563556984067	-47.90074501186609	0.0
1666032066448	-22.004563556984067	-47.90074501186609	0.0
1666032067458	-22.004563556984067	-47.90074501186609	0.0
1666032068486	-22.004563556984067	-47.90074501186609	0.0
1666032069466	-22.004563556984067	-47.90074501186609	0.0
1666032070436	-22.004563556984067	-47.90074501186609	0.0
1666032071445	-22.004563556984067	-47.90074501186609	0.0
1666032072460	-22.004563556984067	-47.90074501186609	0.0
1666032073465	-22.004563556984067	-47.90074501186609	0.0
1666032074482	-22.004563556984067	-47.90074501186609	0.0
1666032075533	-22.004563556984067	-47.90074501186609	0.0
1666032076486	-22.004563556984067	-47.90074501186609	0.0
1666032077460	-22.004563556984067	-47.90074501186609	0.0
1666032078433	-22.004563556984067	-47.90074501186609	0.0
1666032079426	-22.004563556984067	-47.90074501186609	0.0
1666032080451	-22.004563556984067	-47.90074501186609	0.0
1666032081482	-22.004563556984067	-47.90074501186609	0.0
1666032082481	-22.004563556984067	-47.90074501186609	0.0
1666032083511	-22.004563556984067	-47.90074501186609	0.0
1666032084445	-22.004563556984067	-47.90074501186609	0.0
1666032085444	-22.004563556984067	-47.90074501186609	0.0
1666032086437	-22.004563556984067	-47.90074501186609	0.0
1666032087476	-22.004563556984067	-47.90074501186609	0.0
1666032088467	-22.004563556984067	-47.90074501186609	0.0
1666032089510	-22.004563556984067	-47.90074501186609	0.0
1666032090464	-22.00455291196704	-47.90074878372252	1.909999966621399
1666032091494	-22.00452365912497	-47.90075330995023	4.190000057220459
1666032092483	-22.00447852257639	-47.90075951255858	4.799999713897705
1666032093464	-22.004425968043506	-47.900757836177945	5.940000057220459
1666032094477	-22.004362349398434	-47.90075565688312	6.609999656677246
1666032095452	-22.00429550372064	-47.900764709338546	7.739999771118164
1666032096489	-22.004226353019476	-47.90077803656459	7.739999771118164
1666032097519	-22.0041569089517	-47.900796979665756	8.630000114440918
1666032098481	-22.004084405489266	-47.90082556195557	8.920000076293945
1666032099518	-22.00401538051665	-47.90086763910949	8.809999465942383
1666032100472	-22.00395385734737	-47.900923043489456	9.079999923706055
1666032101465	-22.00390113517642	-47.90098959580064	9.0
1666032102541	-22.00386086013168	-47.90106050670147	8.739999771118164
1666032103514	-22.003828673623502	-47.90113569237292	8.65999984741211
1666032104534	-22.00380390509963	-47.9012162424624	8.6899995803833
1666032105449	-22.003776244819164	-47.90130089968443	9.760000228881836
1666032106467	-22.003731108270586	-47.90138446725905	10.429999351501465
1666032107474	-22.00366346631199	-47.90145764127374	11.429999351501465
1666032108448	-22.003579228185117	-47.901527965441346	12.019999504089355
1666032109460	-22.003498217090964	-47.90160239674151	11.9399995803833
1666032110450	-22.003410793840885	-47.901685796678066	13.179999351501465
1666032111469	-22.003320939838886	-47.90177833288908	13.6899995803833
1666032112422	-22.003231588751078	-47.90187539532781	13.869999885559082
1666032113445	-22.003145632334054	-47.90197388269007	13.6899995803833
1666032114445	-22.003067010082304	-47.90207211859524	13.279999732971191
1666032115507	-22.002991824410856	-47.90217211470008	13.34000015258789
1666032116432	-22.002919488586485	-47.90227429009974	13.199999809265137
1666032117473	-22.002854445017874	-47.90237839333713	12.65999984741211
1666032118488	-22.002792041748762	-47.90247746743262	12.309999465942383
1666032119425	-22.002737266011536	-47.90257662534714	12.149999618530273
1666032120506	-22.00267926324159	-47.90267561562359	12.460000038146973
1666032121487	-22.002620045095682	-47.902779215946794	12.769999504089355
1666032122484	-22.002564766444266	-47.90288801304996	12.9399995803833
1666032123462	-22.002507811412215	-47.90299504995346	12.670000076293945
1666032124456	-22.002450143918395	-47.90310217067599	12.829999923706055
1666032125448	-22.00239436235279	-47.90320753119886	12.179999351501465
1666032126435	-22.002341095358133	-47.90330811403692	12.00999927520752
1666032127478	-22.002287283539772	-47.903407607227564	12.079999923706055
1666032128505	-22.00223326217383	-47.90351062081754	12.59000015258789
1666032129518	-22.00217408593744	-47.90361790917814	12.889999389648438
1666032130484	-22.002111305482686	-47.903725700452924	12.799999237060547
1666032131419	-22.00205481145531	-47.90383349172771	12.949999809265137
1666032132458	-22.001999323256314	-47.90394488722086	13.289999961853027
1666032133487	-22.001939602196217	-47.90405821055174	13.65999984741211
1666032134477	-22.001878288574517	-47.90417522192001	13.639999389648438
1666032135503	-22.001819615252316	-47.90428888052702	13.569999694824219
1666032136457	-22.00176333077252	-47.904401030391455	13.199999809265137
1666032137487	-22.001707716844976	-47.904511000961065	13.119999885559082
1666032138454	-22.001651474274695	-47.9046215582639	13.039999961853027
1666032139487	-22.001590579748154	-47.90472918190062	13.09000015258789
1666032140486	-22.001527925021946	-47.90483915247023	13.1899995803833
1666032141415	-22.001464515924454	-47.90494912303984	13.239999771118164
1666032142421	-22.001403705216944	-47.905057333409786	13.119999885559082
1666032143442	-22.00134616345167	-47.90516101755202	12.389999389648438
1666032144429	-22.001292435452342	-47.90525824762881	11.539999961853027
1666032145435	-22.0012428984046	-47.90535120293498	11.34999942779541
1666032146449	-22.001190930604935	-47.90544901974499	11.75999927520752
1666032147476	-22.00114210601896	-47.90555060841143	12.00999927520752
1666032148483	-22.001088336110115	-47.90565060451627	11.550000190734863
1666032149445	-22.00104265473783	-47.905744733288884	10.529999732971191
1666032150452	-22.00099965557456	-47.9058338329196	9.699999809265137
1666032151448	-22.000965122133493	-47.90590885095298	7.789999961853027
1666032152456	-22.00093985069543	-47.90596894919872	5.920000076293945
1666032153480	-22.000916674733162	-47.90601605549455	5.730000019073486
1666032154503	-22.00089270249009	-47.90606198832393	5.199999809265137
1666032155500	-22.000869987532496	-47.90610280819237	4.519999980926514
1666032156469	-22.000854229554534	-47.90613549761474	3.619999885559082
1666032157480	-22.000838303938508	-47.90616625919938	3.5799999237060547
1666032158466	-22.00081462506205	-47.906207079067826	5.960000038146973
1666032159463	-22.000786629505455	-47.90625711902976	6.489999771118164
1666032160504	-22.000758633948863	-47.906320905312896	7.699999809265137
1666032161516	-22.000722214579582	-47.90639298968017	8.809999465942383
1666032162459	-22.000682400539517	-47.906479742377996	9.979999542236328
1666032163471	-22.00063906610012	-47.90657135657966	10.269999504089355
1666032164470	-22.000592797994614	-47.90666204877198	10.359999656677246
1666032165423	-22.0005486253649	-47.906751902773976	10.619999885559082
1666032166437	-22.00050348881632	-47.90683815255761	9.739999771118164
1666032167470	-22.000462249852717	-47.906916439533234	9.170000076293945
1666032168503	-22.000422310084105	-47.90699045173824	8.609999656677246
1666032169492	-22.000387986190617	-47.90706278756261	8.119999885559082
1666032170462	-22.00035424903035	-47.907131938263774	7.639999866485596
1666032171465	-22.000322565436363	-47.90719681419432	7.119999885559082
1666032172486	-22.000292013399303	-47.907255571335554	6.759999752044678
1666032173494	-22.00026837643236	-47.90731097571552	6.119999885559082
1666032174461	-22.00024805031717	-47.90735900402069	5.150000095367432
1666032175470	-22.00022852048278	-47.9073981475085	4.259999752044678
1666032176445	-22.000214187428355	-47.90743075311184	3.25
1666032177466	-22.000203332863748	-47.907451540231705	1.8899999856948853
1666032178460	-22.000195956788957	-47.90746101178229	1.3399999141693115
1666032179479	-22.00019541196525	-47.907462771981955	0.019999999552965164
1666032180500	-22.00019469950348	-47.90746344253421	0.25
1666032181478	-22.000194867141545	-47.90746319107711	0.0
1666032182465	-22.000194867141545	-47.90746319107711	0.0
1666032183440	-22.000194867141545	-47.90746319107711	0.0
1666032184440	-22.000194867141545	-47.90746319107711	0.0
1666032185433	-22.000194867141545	-47.90746319107711	0.0
1666032186467	-22.000194867141545	-47.90746319107711	0.0
1666032187512	-22.000194867141545	-47.90746319107711	0.0
1666032188521	-22.000194867141545	-47.90746319107711	0.0
1666032189469	-22.000194867141545	-47.90746319107711	0.0
1666032190472	-22.000193945132196	-47.90746696293354	0.75
1666032191477	-22.00018753297627	-47.90747878141701	2.240000009536743
1666032192475	-22.000176426954567	-47.90750065818429	2.490000009536743
1666032193512	-22.000165111385286	-47.907524798065424	2.919999837875366
1666032194437	-22.000152999535203	-47.90755639784038	3.809999942779541
1666032195471	-22.000136487185955	-47.907591853290796	4.230000019073486
1666032196457	-22.00011922046542	-47.90763904340565	5.170000076293945
1666032197465	-22.00009302701801	-47.90769109502435	6.389999866485596
1666032198487	-22.000061594881117	-47.90775437839329	7.480000019073486
1666032199471	-22.000027648173273	-47.90782202035189	8.329999923706055
1666032200490	-21.999992611818016	-47.90789360180497	8.5
1666032201506	-21.999956779181957	-47.9079697933048	8.880000114440918
1666032202401	-21.999917468056083	-47.90804757736623	8.769999504089355
1666032203402	-21.999881132505834	-47.90812837891281	9.479999542236328
1666032204434	-21.99984190519899	-47.908207923173904	9.460000038146973
1666032205488	-21.99980389326811	-47.90828478522599	8.789999961853027
1666032206461	-21.999770533293486	-47.90835712105036	8.15999984741211
1666032207509	-21.999745555222034	-47.90842769667506	7.429999828338623
1666032208531	-21.99972476810217	-47.90849173441529	6.579999923706055
1666032209466	-21.99970351997763	-47.908536745235324	4.239999771118164
1666032210475	-21.99968721717596	-47.90856407023966	2.679999828338623
1666032211492	-21.99967883527279	-47.90857907384634	1.4199999570846558
1666032212476	-21.999675440602005	-47.90858846157789	0.5899999737739563
1666032213491	-21.99967468623072	-47.908589635044336	0.019999999552965164
1666032214436	-21.999674015678465	-47.908588545396924	0.19999998807907104
1666032215452	-21.99967426713556	-47.9085882101208	0.0
1666032216437	-21.99967426713556	-47.9085882101208	0.0
1666032217450	-21.99967426713556	-47.9085882101208	0.0
1666032218492	-21.99967426713556	-47.9085882101208	0.0
1666032219504	-21.99967426713556	-47.9085882101208	0.0
1666032220493	-21.99967426713556	-47.9085882101208	0.0
1666032221469	-21.99967426713556	-47.9085882101208	0.0
1666032222445	-21.99967426713556	-47.9085882101208	0.0
1666032223434	-21.99967426713556	-47.9085882101208	0.0
1666032224428	-21.99967426713556	-47.9085882101208	0.0
1666032225450	-21.99967426713556	-47.9085882101208	0.0
1666032226481	-21.99967426713556	-47.9085882101208	0.0
1666032227510	-21.99967426713556	-47.9085882101208	0.0
1666032228486	-21.99967426713556	-47.9085882101208	0.0
1666032229504	-21.99967426713556	-47.9085882101208	0.0
1666032230462	-21.99967426713556	-47.9085882101208	0.0
1666032231497	-21.99967426713556	-47.9085882101208	0.0
1666032232459	-21.99967426713556	-47.9085882101208	0.0
1666032233506	-21.99967426713556	-47.9085882101208	0.0
1666032234449	-21.99967426713556	-47.9085882101208	0.0
1666032235487	-21.99967426713556	-47.9085882101208	0.0
1666032236492	-21.99967426713556	-47.9085882101208	0.0
1666032237396	-21.99967426713556	-47.9085882101208	0.0
1666032238423	-21.99967426713556	-47.9085882101208	0.0
1666032239451	-21.99967426713556	-47.9085882101208	0.0
1666032240499	-21.99967426713556	-47.9085882101208	0.0
1666032241457	-21.99967426713556	-47.9085882101208	0.0
1666032242461	-21.99967426713556	-47.9085882101208	0.0
1666032243467	-21.99967426713556	-47.9085882101208	0.0
1666032244458	-21.99967426713556	-47.9085882101208	0.0
1666032245461	-21.999670369550586	-47.90859307162464	1.1799999475479126
1666032246470	-21.999655617401004	-47.90860782377422	2.869999885559082
1666032247428	-21.99963189661503	-47.908635986968875	3.93999981880188
1666032248498	-21.999606750905514	-47.90867529809475	5.400000095367432
1666032249473	-21.9995797611773	-47.9087277688086	6.099999904632568
1666032250436	-21.999553316272795	-47.90878476575017	7.109999656677246
1666032251475	-21.999519327655435	-47.908854838460684	9.119999885559082
1666032252511	-21.999476202763617	-47.908933125436306	9.279999732971191
1666032253541	-21.99943622108549	-47.90901870466769	10.170000076293945
1666032254414	-21.99938844423741	-47.909114426001906	11.34000015258789
1666032255467	-21.9993355544284	-47.90921425446868	12.239999771118164
1666032256500	-21.999280862510204	-47.90932774543762	13.519999504089355
1666032257489	-21.999222356826067	-47.909448528662324	13.779999732971191
1666032258499	-21.99916121084243	-47.909566378220916	13.029999732971191
1666032259494	-21.999103794805706	-47.90967802517116	12.809999465942383
1666032260438	-21.99904851615429	-47.90979000739753	13.019999504089355
1666032261485	-21.998994410969317	-47.90990618057549	13.859999656677246
1666032262478	-21.99893892277032	-47.910024197772145	14.139999389648438
1666032263469	-21.998880584724247	-47.910145903006196	14.25999927520752
1666032264486	-21.998817175626755	-47.91027523577213	15.289999961853027
1666032265411	-21.998751335777342	-47.9104117769748	15.630000114440918
1666032266499	-21.998684867285192	-47.91054831817746	15.619999885559082
1666032267408	-21.998620368540287	-47.910683853551745	15.339999198913574
1666032268410	-21.99855649843812	-47.91081452742219	15.029999732971191
1666032269421	-21.998493717983365	-47.91094251908362	14.769999504089355
1666032270423	-21.998431817628443	-47.91106724180281	14.479999542236328
1666032271437	-21.99837205465883	-47.91118978522718	14.449999809265137
1666032272514	-21.998308142647147	-47.911315094679594	14.739999771118164
1666032273515	-21.99824418872595	-47.91144199669361	14.819999694824219
1666032274471	-21.998182581737638	-47.91156956925988	14.460000038146973
1666032275474	-21.998120513744652	-47.911690855398774	13.25999927520752
1666032276460	-21.998067246749997	-47.91179956868291	11.9399995803833
1666032277419	-21.99802068527788	-47.91189185343683	10.059999465942383
1666032278413	-21.997982673346996	-47.91196460835636	7.609999656677246
1666032279519	-21.997959832660854	-47.91202051565051	5.349999904632568
1666032280487	-21.99793770443648	-47.912067621946335	5.210000038146973
1666032281484	-21.997918845154345	-47.912114309147	5.349999904632568
1666032282507	-21.997892106883228	-47.91217423975468	8.050000190734863
1666032283466	-21.99786142911762	-47.91225160472095	8.609999656677246
1666032284471	-21.997823668643832	-47.912335842847824	9.670000076293945
1666032285454	-21.997788338921964	-47.91242904961109	10.760000228881836
1666032286518	-21.997751626186073	-47.91253256611526	10.880000114440918
1666032287477	-21.997711057774723	-47.91265276260674	13.859999656677246
1666032288534	-21.997667807154357	-47.91279307566583	14.789999961853027
1666032289458	-21.99762003030628	-47.912929533049464	14.809999465942383
1666032290445	-21.99757895898074	-47.913070851936936	15.139999389648438
1666032291418	-21.997533277608454	-47.913215439766645	15.469999313354492
1666032292396	-21.99748453684151	-47.9133612010628	16.020000457763672
1666032293404	-21.997436634264886	-47.91350495070219	16.029998779296875
1666032294442	-21.997386845760047	-47.913652220740914	15.589999198913574
1666032295425	-21.997336554341018	-47.913783732801676	13.929999351501465
1666032296432	-21.997294686734676	-47.91390183381736	12.429999351501465
1666032297423	-21.997254453599453	-47.91401356458664	12.309999465942383
1666032298407	-21.99721564538777	-47.91411682963371	11.359999656677246
1666032299428	-21.99718387797475	-47.914208276197314	9.75
1666032300471	-21.99715433176607	-47.914290335029364	9.079999923706055
1666032301415	-21.997136645950377	-47.91433568112552	4.019999980926514
1666032302441	-21.997121558524668	-47.91436828672886	4.380000114440918
1666032303435	-21.997100645676255	-47.91440743021667	5.559999942779541
1666032304482	-21.99706527404487	-47.91446258313954	7.329999923706055
1666032305530	-21.997005259618163	-47.914515221491456	9.399999618530273
1666032306471	-21.99693011585623	-47.91457255370915	10.429999351501465
1666032307459	-21.99684876948595	-47.91463315486908	10.889999389648438
1666032308473	-21.996774380095303	-47.91470850817859	11.859999656677246
1666032309469	-21.996713778935373	-47.914809258654714	12.25999927520752
1666032310474	-21.996684106998146	-47.914922749623656	12.15999984741211
1666032311525	-21.99668657965958	-47.915037078782916	11.829999923706055
1666032312460	-21.99668255634606	-47.91515149176121	11.149999618530273
1666032313481	-21.996658290736377	-47.91525852866471	10.889999389648438
1666032314473	-21.99660322163254	-47.91534653864801	10.920000076293945
1666032315432	-21.996537717059255	-47.91541954502463	10.109999656677246
1666032316401	-21.996476403437555	-47.91546883061528	7.869999885559082
1666032317412	-21.996430177241564	-47.9155093152076	5.650000095367432
1666032318412	-21.996392123401165	-47.915544267743826	4.769999980926514
1666032319430	-21.996359056793153	-47.915575029328465	5.089999675750732
1666032320426	-21.99631982948631	-47.91560880839825	6.230000019073486
1666032321426	-21.996269621886313	-47.91565390303731	8.139999389648438
1666032322435	-21.996208475902677	-47.915705535560846	8.809999465942383
1666032323430	-21.99614439625293	-47.915761107578874	8.75
1666032324433	-21.996074826456606	-47.9158150870353	9.889999389648438
1666032325435	-21.996006472036242	-47.91588348336518	10.75
1666032326426	-21.995932376012206	-47.91595556773245	11.819999694824219
1666032327414	-21.995851113460958	-47.916035782545805	12.699999809265137
1666032328438	-21.99576813261956	-47.91611951775849	12.989999771118164
1666032329428	-21.99568293057382	-47.9162035882473	12.789999961853027
1666032330475	-21.995594585314393	-47.91628330014646	12.889999389648438
1666032331445	-21.995502593927085	-47.91636133566499	12.960000038146973
1666032332422	-21.99540745932609	-47.91644222103059	13.609999656677246
1666032333481	-21.995308469049633	-47.91652989573777	14.719999313354492
1666032334460	-21.99520570691675	-47.91661857627332	14.59999942779541
1666032335496	-21.995103238150477	-47.916711112484336	14.779999732971191
1666032336489	-21.995000643655658	-47.91680205613375	14.679999351501465
1666032337494	-21.994897546246648	-47.91689752601087	14.979999542236328
1666032338521	-21.9947911798954	-47.91699408553541	15.529999732971191
1666032339472	-21.9946833467111	-47.91709341108799	15.389999389648438
1666032340469	-21.994576435536146	-47.91718854568899	15.279999732971191
1666032341449	-21.994471410289407	-47.91728435084224	15.170000076293945
1666032342455	-21.994366175495088	-47.91738023981452	15.109999656677246
1666032343493	-21.99426186271012	-47.91747562587261	15.219999313354492
1666032344494	-21.994155580177903	-47.9175728559494	15.219999313354492
1666032345530	-21.99405017774552	-47.917669331654906	15.279999732971191
1666032346470	-21.99394221883267	-47.917765472084284	15.399999618530273
1666032347474	-21.993834427557886	-47.91785750538111	15.4399995803833
1666032348459	-21.993725169450045	-47.91794962249696	15.479999542236328
1666032349490	-21.9936169590801	-47.91804190725088	15.359999656677246
1666032350466	-21.993510592728853	-47.91813746094704	15.170000076293945
1666032351456	-21.993407201953232	-47.91823284700513	15.069999694824219
1666032352415	-21.993303769268095	-47.918322114273906	14.609999656677246
1666032353411	-21.99320276733488	-47.918411968275905	14.289999961853027
1666032354447	-21.993106082081795	-47.91850165463984	13.75
1666032355494	-21.993020712397993	-47.91858044452965	11.4399995803833
1666032356487	-21.992949885316193	-47.91863618418574	8.84000015258789
1666032357493	-21.99289850424975	-47.91867935098708	6.089999675750732
1666032358458	-21.99285248760134	-47.91872201487422	6.649999618530273
1666032359499	-21.992796999402344	-47.91877230629325	8.729999542236328
1666032360422	-21.992728896439075	-47.91882938705385	9.90999984741211
1666032361474	-21.992655261419713	-47.91889392770827	11.139999389648438
1666032362491	-21.992573495954275	-47.91896835900843	12.1899995803833
1666032363510	-21.99248724617064	-47.919051172211766	13.380000114440918
1666032364461	-21.99239324312657	-47.91913390159607	13.539999961853027
1666032365444	-21.992295049130917	-47.91921713389456	13.859999656677246
1666032366472	-21.99219677131623	-47.91930480860174	13.960000038146973
1666032367470	-21.99209690093994	-47.91939734481275	15.0
1666032368463	-21.99199430644512	-47.91949742473662	14.920000076293945
1666032369471	-21.991897118277848	-47.91959239169955	14.34999942779541
1666032370421	-21.991798169910908	-47.91967646218836	14.019999504089355
1666032371473	-21.991702113300562	-47.9197608679533	13.59000015258789
1666032372484	-21.99160873889923	-47.91984150186181	12.789999961853027
1666032373490	-21.991510377265513	-47.919910149648786	12.179999351501465
1666032374492	-21.991406776942313	-47.91995474137366	11.829999923706055
1666032375485	-21.991302757523954	-47.91997427120805	11.569999694824219
1666032376446	-21.991201755590737	-47.91999296285212	11.300000190734863
1666032377451	-21.991111147217453	-47.92003068141639	10.469999313354492
1666032378492	-21.991036464460194	-47.92009103111923	9.829999923706055
1666032379470	-21.99098935816437	-47.92016923427582	9.630000114440918
1666032380507	-21.990970205515623	-47.92025674134493	9.25
1666032381494	-21.99097217526287	-47.920344080775976	8.519999504089355
1666032382474	-21.990991914644837	-47.92041230946779	7.199999809265137
1666032383451	-21.99102519080043	-47.92045941576362	5.400000095367432
1666032384465	-21.991054066456854	-47.92048850096762	2.740000009536743
1666032385471	-21.991061861626804	-47.920501828193665	1.100000023841858
1666032386478	-21.991064082831144	-47.92050660587847	0.7699999809265137
1666032387501	-21.991068609058857	-47.92051146738231	1.1699999570846558
1666032388447	-21.99108507949859	-47.920523872599006	2.629999876022339
1666032389458	-21.991122169420123	-47.92054608464241	6.309999942779541
1666032390449	-21.991175897419453	-47.920573661103845	6.179999828338623
1666032391456	-21.991216256283224	-47.9206192586571	6.96999979019165
1666032392465	-21.991240102797747	-47.92068530805409	7.359999656677246
1666032393481	-21.991259129717946	-47.9207659419626	8.800000190734863
1666032394502	-21.99128578417003	-47.92085453867912	10.5
1666032395453	-21.991316839121282	-47.92095830664039	11.889999389648438
1666032396450	-21.99134051799774	-47.92106978595257	11.969999313354492
1666032397467	-21.991369100287557	-47.9211909044534	13.40999984741211
1666032398497	-21.991397850215435	-47.921324176713824	14.539999961853027
1666032399461	-21.9914315873757	-47.92146616615355	15.65999984741211
1666032400452	-21.991464821621776	-47.92161326855421	15.859999656677246
1666032401469	-21.991495708934963	-47.92176112532616	15.649999618530273
1666032402496	-21.99152546469122	-47.92190529406071	15.479999542236328
1666032403481	-21.991557902656496	-47.922046948224306	15.029999732971191
1666032404494	-21.991589544340968	-47.92218734510243	14.789999961853027
1666032405502	-21.991617497988045	-47.92232355102897	14.679999351501465
1666032406518	-21.991642308421433	-47.92245548218489	13.289999961853027
1666032407448	-21.991666490212083	-47.92257836088538	13.039999961853027
1666032408451	-21.991693563759327	-47.92269419878721	11.75999927520752
1666032409440	-21.991715147159994	-47.92278874665499	8.630000114440918
1666032410438	-21.991727971471846	-47.92285001836717	5.029999732971191
1666032411505	-21.99173614382744	-47.92288455180824	3.609999895095825
1666032412428	-21.991747124120593	-47.9229227732867	4.759999752044678
1666032413427	-21.991766444407403	-47.92298538610339	7.460000038146973
1666032414452	-21.991785345599055	-47.923068115487695	9.34999942779541
1666032415466	-21.991805210709572	-47.923171212896705	11.420000076293945
1666032416459	-21.991830063052475	-47.92328470386565	12.559999465942383
1666032417496	-21.99185370001942	-47.923406325280666	12.769999504089355
1666032418516	-21.99188068974763	-47.923534736037254	14.34000015258789
1666032419506	-21.99191166087985	-47.92367680929601	15.589999198913574
1666032420442	-21.991938902065158	-47.923828857019544	16.469999313354492
1666032421492	-21.991972303949296	-47.92398693971336	16.369998931884766
1666032422474	-21.9920058734715	-47.92413940653205	15.75999927520752
1666032423509	-21.99203793425113	-47.92428734712303	15.609999656677246
1666032424441	-21.992068360559642	-47.924432856962085	15.389999389648438
1666032425505	-21.99209975078702	-47.92457886971533	15.329999923706055
1666032426441	-21.992131141014397	-47.92472052387893	15.309999465942383
1666032427472	-21.992159723304212	-47.924858406186104	14.6899995803833
1666032428428	-21.99218604248017	-47.924985056743026	12.729999542236328
1666032429453	-21.992210978642106	-47.925097458064556	10.979999542236328
1666032430490	-21.99223390314728	-47.92519477196038	9.34000015258789
1666032431488	-21.992261772975326	-47.9252749029547	8.929999351501465
1666032432499	-21.992308837361634	-47.925343215465546	9.260000228881836
1666032433473	-21.99237727560103	-47.92539660818875	9.719999313354492
1666032434455	-21.99245799332857	-47.92543575167656	10.529999732971191
1666032435450	-21.992551158182323	-47.92547305114567	11.559999465942383
1666032436457	-21.992651489563286	-47.92551789432764	12.420000076293945
1666032437490	-21.992762885056436	-47.92557019740343	14.40999984741211
1666032438507	-21.992887062951922	-47.925627026706934	15.549999237060547
1666032439523	-21.99301488697529	-47.92568502947688	15.559999465942383
1666032440482	-21.99314317200333	-47.92574311606586	15.269999504089355
1666032441459	-21.99325909372419	-47.92579550296068	13.279999732971191
1666032442444	-21.993358628824353	-47.925839675590396	10.90999984741211
1666032443425	-21.993447728455067	-47.925882171839476	10.130000114440918
1666032444514	-21.99354055803269	-47.92592642828822	11.75999927520752
1666032445518	-21.993644661270082	-47.925973953679204	12.979999542236328
1666032446444	-21.99375961907208	-47.92602273635566	14.25
1666032447456	-21.993881408125162	-47.92607629671693	14.809999465942383
1666032448478	-21.994000892154872	-47.92613262310624	14.279999732971191
1666032449470	-21.994111742824316	-47.926183585077524	12.619999885559082
1666032450474	-21.99420620687306	-47.92622985318303	10.869999885559082
1666032451503	-21.994282733649015	-47.92626933194697	7.599999904632568
1666032452504	-21.994338054209948	-47.926295986399055	5.489999771118164
1666032453481	-21.994388387538493	-47.92632012628019	6.349999904632568
1666032454463	-21.994444504380226	-47.9263455234468	7.069999694824219
1666032455473	-21.994510469958186	-47.9263782966882	8.760000228881836
1666032456470	-21.994586451910436	-47.92642121203244	9.960000038146973
1666032457480	-21.99466867838055	-47.92646245099604	10.109999656677246
1666032458521	-21.994754802435637	-47.92650327086449	10.6899995803833
1666032459539	-21.99484239332378	-47.92654660530388	10.649999618530273
1666032460462	-21.994924410246313	-47.9265889339149	9.4399995803833
1666032461457	-21.99499959591776	-47.92662078514695	8.359999656677246
1666032462470	-21.99506061617285	-47.92664995416999	6.440000057220459
1666032463476	-21.99510411825031	-47.926673172041774	4.319999694824219
1666032464513	-21.99513902887702	-47.92669530026615	4.619999885559082
1666032465453	-21.995185087434947	-47.92671985924244	6.869999885559082
1666032466447	-21.99525516014546	-47.92675271630287	9.569999694824219
1666032467452	-21.99533763807267	-47.92679311707616	10.539999961853027
1666032468468	-21.995429378002882	-47.926837373524904	11.65999984741211
1666032469482	-21.995531008578837	-47.92689051479101	12.869999885559082
1666032470505	-21.99564035050571	-47.92694566771388	13.630000114440918
1666032471505	-21.99575367383659	-47.92699688114226	13.929999351501465
1666032472434	-21.99587265495211	-47.927049435675144	14.09000015258789
1666032473490	-21.99599151033908	-47.92710735462606	14.309999465942383
1666032474476	-21.996112461201847	-47.927160831168294	14.460000038146973
1666032475472	-21.996232783421874	-47.92721866630018	14.519999504089355
1666032476489	-21.99635050725192	-47.927275747060776	13.869999885559082
1666032477512	-21.99645519722253	-47.927326960489154	11.369999885559082
1666032478467	-21.996529083698988	-47.927368618547916	7.899999618530273
1666032479429	-21.996575058437884	-47.927396446466446	3.7899999618530273
1666032480478	-21.99660200625658	-47.92740851640701	2.7200000286102295
1666032481477	-21.9966356176883	-47.9274246096611	5.159999847412109
1666032482494	-21.996686370112002	-47.92744698934257	7.009999752044678
1666032483462	-21.99674739036709	-47.92748395353556	8.40999984741211
1666032484453	-21.99681478086859	-47.92753390967846	8.609999656677246
1666032485437	-21.996869388967752	-47.927576657384634	7.099999904632568
1666032486448	-21.996917040087283	-47.927610855549574	5.079999923706055
1666032487480	-21.996944532729685	-47.92762787081301	3.1999998092651367
1666032488473	-21.996963266283274	-47.92763885110617	1.7999999523162842
1666032489492	-21.996983592398465	-47.9276442155242	2.3499999046325684
1666032490517	-21.997003750875592	-47.92765259742737	2.240000009536743
1666032491465	-21.997032877989113	-47.9276664275676	4.679999828338623
1666032492455	-21.99708530679345	-47.92769039981067	6.980000019073486
1666032493471	-21.997145991772413	-47.927731052041054	8.65999984741211
1666032494477	-21.99721422046423	-47.92779047973454	10.039999961853027
1666032495502	-21.997277629561722	-47.92786214500666	10.329999923706055
1666032496512	-21.997347199358046	-47.92792635038495	10.369999885559082
1666032497467	-21.997431898489594	-47.92796482332051	10.4399995803833
1666032498468	-21.997525063343346	-47.927977396175265	10.710000038146973
1666032499433	-21.997620658949018	-47.92796499095857	10.949999809265137
1666032500469	-21.99771118350327	-47.927943700924516	10.579999923706055
1666032501480	-21.997807323932648	-47.92793950997293	9.84000015258789
1666032502468	-21.99791172053665	-47.927958872169256	12.199999809265137
1666032503493	-21.998024079948664	-47.92801125906408	12.369999885559082
1666032504432	-21.99813853483647	-47.92806515470147	14.019999504089355
1666032505421	-21.998263634741306	-47.928128354251385	15.210000038146973
1666032506443	-21.998391710221767	-47.92819742113352	15.469999313354492
1666032507440	-21.998521462082863	-47.92826506309211	15.679999351501465
1666032508456	-21.998653099872172	-47.92833186686039	16.06999969482422
1666032509465	-21.99878888670355	-47.9283985029906	16.440000534057617
1666032510443	-21.998925218358636	-47.928469916805625	16.69999885559082
1666032511446	-21.999065321870148	-47.9285404086113	16.809999465942383
1666032512430	-21.99920328799635	-47.9286112356931	16.850000381469727
1666032513439	-21.999342427589	-47.92868063785136	16.799999237060547
1666032514453	-21.999481357634068	-47.92874928563833	16.760000228881836
1666032515460	-21.99961882084608	-47.928816843777895	16.440000534057617
1666032516486	-21.999751590192318	-47.928882809355855	15.929999351501465
1666032517445	-21.99988117441535	-47.928945338353515	15.429999351501465
1666032518472	-22.000004891306162	-47.929004766047	14.75999927520752
1666032519459	-22.000121902674437	-47.929060170426965	13.809999465942383
1666032520469	-22.00022952631116	-47.92911113239825	12.559999465942383
1666032521506	-22.000330151058733	-47.92916192673147	12.119999885559082
1666032522496	-22.00042457319796	-47.92921154759824	11.50999927520752
1666032523462	-22.000511409714818	-47.92926225811243	10.880000114440918
1666032524421	-22.000592756085098	-47.92931799776852	10.429999351501465
1666032525463	-22.000673850998282	-47.929369043558836	10.300000190734863
1666032526430	-22.000764166004956	-47.92940282262862	10.649999618530273
1666032527486	-22.00085842050612	-47.92943383567035	11.039999961853027
1666032528500	-22.000958626158535	-47.92947197332978	11.539999961853027
1666032529529	-22.001057071611285	-47.92951966635883	11.889999389648438
1666032530481	-22.00115740299225	-47.929571298882365	12.380000114440918
1666032531472	-22.001262470148504	-47.929621087387204	12.729999542236328
1666032532457	-22.001368082128465	-47.92967230081558	12.84999942779541
1666032533415	-22.001466653309762	-47.929723765701056	12.219999313354492
1666032534440	-22.001564386300743	-47.92977338656783	11.949999809265137
1666032535514	-22.001658892259	-47.929822001606226	11.630000114440918
1666032536461	-22.001751763746142	-47.92986810207367	11.389999389648438
1666032537468	-22.00184295885265	-47.9299131128937	11.179999351501465
1666032538458	-22.001931010745466	-47.92995762079954	10.989999771118164
1666032539463	-22.002020739018917	-47.93000070378184	10.829999923706055
1666032540479	-22.002107994630933	-47.930040769279	10.309999465942383
1666032541478	-22.002186365425587	-47.9300790745765	8.539999961853027
1666032542448	-22.002247511409223	-47.930112183094025	7.019999980926514
1666032543443	-22.002302706241608	-47.93013967573643	6.480000019073486
1666032544471	-22.002355931326747	-47.930164905264974	6.609999656677246
1666032545471	-22.002411587163806	-47.93019508011639	6.690000057220459
1666032546484	-22.002466656267643	-47.9302223213017	6.730000019073486
1666032547502	-22.002523569390178	-47.930248472839594	7.279999732971191
1666032548509	-22.002589786425233	-47.930277809500694	7.789999961853027
1666032549443	-22.002656213007867	-47.93030932545662	7.589999675750732
1666032550451	-22.002715850248933	-47.9303378239274	7.039999961853027
1666032551458	-22.002773014828563	-47.93036447837949	6.739999771118164
1666032552451	-22.002828922122717	-47.93039205484092	6.559999942779541
1666032553489	-22.002878794446588	-47.9304155241698	5.529999732971191
1666032554494	-22.00292187742889	-47.93043010868132	4.46999979019165
1666032555533	-22.002954985946417	-47.9304382391274	3.4099998474121094
1666032556472	-22.002979000099003	-47.930451314896345	2.7899999618530273
1666032557464	-22.002996183000505	-47.93047143146396	2.75
1666032558493	-22.002999326214194	-47.93049355968833	2.1599998474121094
1666032559460	-22.00298926793039	-47.930513424798846	1.6200000047683716
1666032560453	-22.002980508841574	-47.93052130378783	0.4699999988079071
1666032561472	-22.002978581003845	-47.930524405092	0.25
1666032562399	-22.002978581003845	-47.93052448891103	0.0
1666032563430	-22.002978371456265	-47.930524572730064	0.0
1666032564428	-22.00297832954675	-47.930524656549096	0.0
1666032565459	-22.00297832954675	-47.930524656549096	0.0
1666032566485	-22.00297832954675	-47.930524656549096	0.0
1666032567496	-22.00297832954675	-47.930524656549096	0.0
1666032568523	-22.00297832954675	-47.930524656549096	0.0
1666032569475	-22.00297832954675	-47.930524656549096	0.0
1666032570479	-22.00297832954675	-47.930524656549096	0.0
1666032571468	-22.00297832954675	-47.930524656549096	0.0
1666032572473	-22.00297832954675	-47.930524656549096	0.0
1666032573488	-22.00297832954675	-47.930524656549096	0.0
1666032574506	-22.00297832954675	-47.930524656549096	0.0
1666032575406	-22.00297832954675	-47.930524656549096	0.0
1666032576407	-22.00297832954675	-47.930524656549096	0.0
1666032577465	-22.00297832954675	-47.930524656549096	0.0
1666032578480	-22.00297832954675	-47.930524656549096	0.0
1666032579471	-22.00297832954675	-47.930524656549096	0.0
1666032580451	-22.00297832954675	-47.930524656549096	0.0
1666032581500	-22.00297832954675	-47.930524656549096	0.0
1666032582465	-22.00297832954675	-47.930524656549096	0.0
1666032583473	-22.00297832954675	-47.930524656549096	0.0
1666032584424	-22.00297832954675	-47.930524656549096	0.0
